"variable","mean","median","sd","mad","q5","q95","rhat","ess_bulk","ess_tail"
"b_Intercept",1.0499988760925,1.0507133,0.0499746282723564,0.04880815569,0.9676309015,1.132443535,1.00306672892551,1511.36759809376,2354.08081808269
"b_stress_w",0.554148217945,0.554000315,0.041806817741719,0.0419546370390001,0.486743439,0.622732556,1.0005752056973,2477.35518085359,3046.91548249824
"b_stress_b",0.3713557742425,0.37138779,0.0507848752183846,0.050549276652,0.287918641,0.4578461745,1.00110684197004,1467.01840844602,2074.24434280601
"sd_id__Intercept",0.7594620195075,0.75806899,0.0404500564330539,0.039378626952,0.695749822,0.82773746,1.00240147057816,1436.41055503949,2348.27298344471
"sd_id__stress_w",0.587824243885,0.58631207,0.0360714938984321,0.035524296906,0.529915903,0.6490659555,1.00123889456264,1907.71903988862,2859.87432962807
"cor_id__Intercept__stress_w",0.311298705071,0.313724145,0.0758424002514949,0.076613629281,0.1830829125,0.4313031835,1.00168664285251,1437.38251173103,2510.23772846323
"sigma",1.498094694025,1.4979152,0.0170127315294698,0.0170732509500001,1.470240325,1.526006615,1.00173703548179,5720.74384783289,2689.75187555601
"Intercept",1.0179982964725,1.0182521,0.0499551604256902,0.0490868103600001,0.935237713,1.099931365,1.00314506298384,1499.68582368393,2295.89009919806
"r_id[1,Intercept]",-0.9783699730065,-0.97602403,0.286858537835347,0.284976305901,-1.44813546,-0.514164637,0.999753757325073,6974.82076056362,2994.065133871
"r_id[2,Intercept]",-0.413247550654254,-0.404161245,0.428300992088518,0.414414995421,-1.130622095,0.284823731499999,1.00166179197984,9232.54213880517,2751.36056178496
"r_id[3,Intercept]",-1.32346984509,-1.3244776,0.290209195524943,0.2944213797,-1.799254045,-0.847486295,1.00133884206508,7891.55402064818,3200.00931033992
"r_id[4,Intercept]",-1.5745867445525,-1.5664387,0.437008700318464,0.43338658965,-2.292151965,-0.8606735015,1.00071365378392,8472.81718329217,3023.78920639853
"r_id[5,Intercept]",-0.493054989932088,-0.489219345,0.288605449557224,0.294857197383,-0.96898128,-0.0210402569500001,1.00073259213085,8164.29188624116,3045.98599500407
"r_id[6,Intercept]",1.01294176922047,1.01246,0.449026159795062,0.442647643137,0.2697899555,1.775595215,1.00156990903623,7949.45088663466,2841.84619519076
"r_id[7,Intercept]",0.720646388641575,0.724692835,0.296904818080889,0.299969076162,0.2216261825,1.207189865,0.999640163015711,6769.01858224037,2973.74554468813
"r_id[8,Intercept]",1.08551805142552,1.08230125,0.428809106157539,0.414834141267,0.385881436,1.808162875,1.00017129584146,10789.2356968285,2781.66170702871
"r_id[9,Intercept]",-0.406637937811513,-0.405248095,0.282869158363983,0.277115345724,-0.874323229,0.0676084424499996,0.999816183039127,6907.89328365844,2796.07202297003
"r_id[10,Intercept]",1.34620796644157,1.3479225,0.434237375311328,0.44175186363,0.635138417,2.05064339,1.0017428883903,7829.81732638042,2286.91096344303
"r_id[11,Intercept]",0.61674454634819,0.61741648,0.295278952890772,0.303175228314,0.138887507,1.102712,1.00045851854192,6920.89640427216,3039.32552623852
"r_id[12,Intercept]",0.64261159242438,0.6338276,0.434486493129027,0.442385993889,-0.06438072435,1.35878432,1.00078680575533,8840.17614400536,3026.07297667564
"r_id[13,Intercept]",0.0491285960065207,0.0502725965,0.293683858081593,0.29165284659,-0.435625937,0.531336068,1.00082213442138,6806.39397382675,2911.03228256594
"r_id[14,Intercept]",0.238821036091371,0.2419714,0.43796395798625,0.4509640869447,-0.47247029,0.9531317975,1.00159194322231,10444.3224957021,2849.58538611404
"r_id[15,Intercept]",0.748370065063475,0.74813221,0.279282176210539,0.287302349628,0.2904716075,1.20379842,0.999800444219787,8681.87334728724,3346.10912341412
"r_id[16,Intercept]",-0.477221141822075,-0.47814143,0.438395797085061,0.43268695071,-1.190857905,0.240214087,0.999816299894554,8398.52604073938,3020.91181051056
"r_id[17,Intercept]",1.09682529584825,1.0948564,0.28610932450887,0.290574306981,0.629689181,1.568844125,0.999908138399526,7188.18050287692,3041.69823483832
"r_id[18,Intercept]",0.391440087101536,0.39650969,0.443723280477984,0.432291037206,-0.3515036415,1.116397015,1.00196775905874,9767.90919084939,2859.29564281388
"r_id[19,Intercept]",-0.511636123450278,-0.5127729,0.293117651754226,0.294570425478,-0.9957273525,-0.0347557561500002,1.00116459806345,6702.77583796725,2821.30121157441
"r_id[20,Intercept]",-0.664933666555998,-0.670335495,0.44400591977831,0.446795876394,-1.39202903,0.0592692780999996,1.00230891103749,10837.4811976003,2936.97792676411
"r_id[21,Intercept]",1.66893568896,1.66980765,0.280229187526037,0.28648954383,1.213455955,2.128851675,1.00310097183025,8289.60802978428,2979.81832786762
"r_id[22,Intercept]",-0.338038694750822,-0.3415105,0.429705799765072,0.4438157065818,-1.04720232,0.3570828305,1.00015544779183,9214.86564364442,2827.91014626169
"r_id[23,Intercept]",0.7881253285435,0.783105745,0.285751746087686,0.279430314429,0.323834681,1.272042415,1.00066871021891,6744.48922683464,3472.38819251289
"r_id[24,Intercept]",-0.627839192694858,-0.621672615,0.434817407253143,0.418652429307,-1.353550995,0.0807789979499999,1.00256366155862,7356.52175605386,2789.64076784234
"r_id[25,Intercept]",-0.529319941197362,-0.53048144,0.291128771725114,0.297035774301,-1.00795397,-0.0491882471000002,1.00155199453808,7635.66979411365,2786.99701717229
"r_id[26,Intercept]",-0.268302398334905,-0.266106155,0.452976322669534,0.4624364813271,-1.01537739,0.477029272,1.00101953411733,9451.14783897819,2620.40684137883
"r_id[27,Intercept]",-0.7165124938412,-0.716699555,0.287368240990715,0.280776515229,-1.1753943,-0.232350943000001,1.00103676317086,8288.07522576099,2690.16470389478
"r_id[28,Intercept]",0.312337150878247,0.31077862,0.426905111201162,0.419999868078,-0.38072795,1.02069061,1.00327432695278,11232.4391904758,2993.10811758471
"r_id[29,Intercept]",0.391515807386703,0.38886703,0.288757545920418,0.294276655701,-0.0760956585,0.8610838085,1.00153447532889,9810.07948200234,2811.80468630688
"r_id[30,Intercept]",-0.38915386870437,-0.38960007,0.428655322343686,0.4295474162238,-1.099282145,0.324891719,0.999385485943439,8186.30119311095,2930.71261150348
"r_id[31,Intercept]",0.230741428849298,0.22660179,0.285058268745029,0.284224731483,-0.242529367,0.702290466,1.00061162787087,7875.71850636522,3001.13337842192
"r_id[32,Intercept]",-0.39531148016809,-0.393198485,0.424735659928012,0.423398988033,-1.10205179,0.303896537,1.00135290678659,9695.61084310765,2812.73903174716
"r_id[33,Intercept]",0.837227819263625,0.84253839,0.290352569283256,0.286588188621,0.36192579,1.317063435,1.00117678615309,7438.35358202373,3018.5451079367
"r_id[34,Intercept]",0.396486179220392,0.38962252,0.436225668582954,0.4320234768318,-0.3248817745,1.10821789,1.00019529239755,10573.2534168256,2747.60389047725
"r_id[35,Intercept]",0.7600399666144,0.75586687,0.288771209581241,0.289572988593,0.292856488,1.240607155,1.00442433673297,8586.65062137683,2859.71663173289
"r_id[36,Intercept]",-0.119726806225712,-0.127411965,0.438181073599932,0.439538156505,-0.8442714695,0.594944399,1.00029351658344,9883.73255439837,2541.84217476673
"r_id[37,Intercept]",1.097870328285,1.09399135,0.27561691810218,0.28105514766,0.6529317315,1.560077405,1.00119212247531,8223.70358357398,2983.65930506173
"r_id[38,Intercept]",-0.98612731174995,-0.987862835,0.443079580381387,0.437507720979,-1.71706712,-0.2533886575,1.0070701508181,8221.89497556043,2935.49794128975
"r_id[39,Intercept]",1.0647586578293,1.0663831,0.315358499219728,0.316753983651,0.540654112,1.578019335,1.00122297845218,4244.96290736675,2952.6209332637
"r_id[40,Intercept]",0.487360629304315,0.483506565,0.434879022724431,0.430233744381,-0.213121288,1.21084434,1.00176944285387,9770.31166941971,2774.27476396153
"r_id[41,Intercept]",0.823834069824025,0.82568073,0.290762045575986,0.301334157873,0.3464170155,1.299715865,0.999807940569703,7417.26978546949,2901.44069794359
"r_id[42,Intercept]",-0.212853840999875,-0.2128273,0.433599551387525,0.4366640118666,-0.9284695925,0.50389198,1.00118625651825,9063.89896491364,2815.84386349473
"r_id[43,Intercept]",-0.277629549905337,-0.278956185,0.283673483789333,0.274876641963,-0.7533764425,0.197072147,1.00094247210249,6730.16120114431,2681.01015282777
"r_id[44,Intercept]",1.14505312243942,1.13422435,0.442992658142368,0.4372105857,0.412138856,1.88988203,1.00191516600212,7447.89593406575,3022.37675561657
"r_id[45,Intercept]",-0.0620501118752425,-0.0626256835,0.2744171956397,0.2779572720099,-0.502876562,0.386158067,1.00371555479731,7858.79818391184,3108.73057563276
"r_id[46,Intercept]",-0.99474120098245,-0.98885294,0.426552847569493,0.448444149531,-1.69022636,-0.3157878575,0.999628264785164,7733.62733353225,2884.0198002246
"r_id[47,Intercept]",-0.503064400836127,-0.49750228,0.282206300091152,0.280261845465,-0.9685621695,-0.0410063930000005,1.00047225638591,7645.28284884636,3006.0880228403
"r_id[48,Intercept]",0.15710281984604,0.16416362,0.433422147091369,0.42530241663,-0.5684380245,0.875969079,1.00035812010184,9110.80570498426,2906.82163858576
"r_id[49,Intercept]",0.437388114351735,0.440859175,0.294878808246268,0.301571655567,-0.0484068071,0.9100586235,1.00003734831887,6268.15702937721,2644.55533053851
"r_id[50,Intercept]",-0.701906884577687,-0.699260225,0.428806357747504,0.429952243119,-1.41558576,0.0094202168399999,1.00182083007231,8704.17512192776,2836.06073822323
"r_id[51,Intercept]",0.230328926771936,0.22982525,0.292290977594646,0.295738477062,-0.2536941735,0.7004688305,1.00334915194654,7520.8456613519,2890.31689334693
"r_id[52,Intercept]",-0.076535693441282,-0.0817279415,0.44216712461157,0.443254841967,-0.802009206,0.6577088175,1.00285802210885,10287.3200249059,2761.81946601355
"r_id[53,Intercept]",0.427964000408965,0.426064185,0.296090514759781,0.296258706576,-0.06406810195,0.91283396,1.00144604710888,6610.44567873381,3040.53546775158
"r_id[54,Intercept]",0.733730725907583,0.73039771,0.441980661275815,0.43233149736,0.04069003085,1.458631445,1.00092138688329,10427.9208381664,3175.66439873674
"r_id[55,Intercept]",0.236582502498717,0.23501796,0.293695383501307,0.2821473753735,-0.2463758375,0.722391413,1.00119434571446,6399.39870309086,2620.8181160629
"r_id[56,Intercept]",0.476020817717952,0.47481898,0.451387554361369,0.457624786794,-0.2706354945,1.220939375,1.00201503287068,10506.784776411,2618.16364365665
"r_id[57,Intercept]",-0.795042799355125,-0.79373947,0.283560847098864,0.283362777495,-1.260274815,-0.3290738925,1.00074639229711,6980.71004349941,3053.42266543067
"r_id[58,Intercept]",0.119292717030883,0.11851588,0.430873452686185,0.429591289323,-0.5852583015,0.822253908499999,1.00183115640023,9877.77927841277,2876.27174542823
"r_id[59,Intercept]",-0.281589689329897,-0.28382222,0.274981300169159,0.2802614911236,-0.72016346,0.171479267,1.00194995827818,7451.65896665923,2753.60205070082
"r_id[60,Intercept]",-0.761828635073305,-0.76236748,0.448385278177928,0.450147931212,-1.49714806,-0.0143835430000004,1.00065243847445,9000.12337498911,2677.29680374754
"r_id[61,Intercept]",0.432317973887005,0.429999885,0.285316721849193,0.283729772886,-0.037987141,0.9122898285,1.00098009851429,8614.13130656771,3278.00180389431
"r_id[62,Intercept]",-0.31480949301428,-0.31154896,0.435311043160705,0.4344662723436,-1.02594146,0.4158514615,1.00189625319814,9550.85810932534,2911.02343590769
"r_id[63,Intercept]",-0.8151287453472,-0.814499915,0.296280064841491,0.298025565474,-1.30279776,-0.3263658855,1.00014667159171,7246.84996931506,3028.56306908594
"r_id[64,Intercept]",0.821619824867852,0.82506262,0.445851753265281,0.440918167998,0.08587738845,1.548159125,1.00105376609623,8545.49629509661,2642.27051739691
"r_id[65,Intercept]",-1.269976473165,-1.2616752,0.284623205050964,0.28338586899,-1.7436636,-0.7963871515,1.00025863780527,7991.82768035917,3044.02562484164
"r_id[66,Intercept]",-0.453179851211935,-0.4490825,0.437618940635407,0.444500389053,-1.175037125,0.2662763945,1.00270641776609,8266.7795200687,3008.7809688456
"r_id[67,Intercept]",-0.513967990081695,-0.515634625,0.290527227288637,0.287340697077,-0.996120461,-0.0327960752500001,1.0007236102491,6932.84561449677,2891.66571693025
"r_id[68,Intercept]",-0.21450387625954,-0.20913857,0.418960359075811,0.4282100168787,-0.905282721,0.4548766115,1.00034566689293,9717.61291841092,3137.85964283157
"r_id[69,Intercept]",0.7070348832219,0.705055355,0.284077044124466,0.282705044244,0.2430179485,1.167148265,1.00066310417173,9669.82053124379,2646.51496813667
"r_id[70,Intercept]",-0.244663288828235,-0.24894782,0.446396842865893,0.4503523647021,-0.9726958655,0.480953611,1.00157077763904,8355.13150780833,2720.89697012175
"r_id[71,Intercept]",-1.0793503904125,-1.0799443,0.293153645480654,0.290729994807,-1.563588845,-0.595987857,1.00362399524833,8024.34123054898,2684.27544950936
"r_id[72,Intercept]",-0.39889931127899,-0.4032073,0.442447649047312,0.44174207847,-1.139310225,0.308155291,1.00336585859555,8417.43818779267,2533.82551378884
"r_id[73,Intercept]",-0.0550332000316272,-0.05172484,0.287283677283792,0.28667301558,-0.524937194,0.4157551685,1.00022550669901,8168.90091684365,2818.56634736752
"r_id[74,Intercept]",-0.612644710774802,-0.619318585,0.433734842054859,0.42941833662,-1.32321323,0.103646664999999,1.00171281067922,8581.53501128267,2929.62044806878
"r_id[75,Intercept]",1.001780360566,1.00755045,0.287610881217117,0.277102550886,0.5329911855,1.47400353,1.00084177359168,6943.99175121759,3106.31874625245
"r_id[76,Intercept]",0.033063312034692,0.0249617145,0.43320318532567,0.4343917991217,-0.67161175,0.743830137,1.0007756013825,10305.6806096712,2721.01627813409
"r_id[77,Intercept]",-0.28812235714557,-0.287651085,0.295169053249615,0.2925422486931,-0.7738991375,0.20086412,1.00169588160865,7305.42784366544,2658.83048041226
"r_id[78,Intercept]",0.98238986692825,0.98112332,0.422923291053674,0.430289816313,0.279411317,1.660076045,1.00014583456921,8938.01717454022,3132.10267157808
"r_id[79,Intercept]",0.287917282879755,0.28767978,0.290004573869707,0.2975166133569,-0.1876519665,0.755577525,1.00285332724434,8748.39100968812,3116.35183381518
"r_id[80,Intercept]",1.68659424492775,1.68232635,0.442683727946373,0.44208633819,0.953851016,2.41679578,1.00273017291268,10245.0024845708,2871.56665615514
"r_id[81,Intercept]",0.0340092625154405,0.0381179355,0.277690060926957,0.2847317873547,-0.419187815,0.4838134655,1.00135797927687,7465.86073405047,3335.07942382882
"r_id[82,Intercept]",-0.684233605803825,-0.67925795,0.443079130924539,0.44415382389,-1.41575456,0.0513059861999997,1.00040482693701,9281.61583348694,2955.90769658391
"r_id[83,Intercept]",0.77640032540945,0.773567135,0.280551952620649,0.280180161618,0.3090170755,1.234724335,1.0036318060481,8418.75290361101,2930.12341856315
"r_id[84,Intercept]",-0.458834242125937,-0.459473055,0.437524919357548,0.435063328707,-1.17545206,0.233935372,1.00032393990852,10108.044654098,2978.63944420428
"r_id[85,Intercept]",-0.92683169281525,-0.926187235,0.289799972897775,0.284855785347,-1.40828256,-0.457023108000001,1.00107654018332,8061.48464067768,2724.46443874922
"r_id[86,Intercept]",0.418937610985849,0.420660285,0.422934744824203,0.428076872727,-0.2732898315,1.115292395,1.00029973616221,11915.359555732,2908.84636374276
"r_id[87,Intercept]",-0.515410276499495,-0.513500485,0.29271191899055,0.282130269876,-1.005649905,-0.0421146720000001,1.0000164311879,6065.89768989777,3222.91295005159
"r_id[88,Intercept]",-0.15566618507496,-0.159828125,0.425828069119184,0.430926719034,-0.8443908935,0.5369802385,1.00036205652588,8034.75201835745,3098.79562684415
"r_id[89,Intercept]",0.375526944911507,0.377312775,0.313990681596748,0.309742753425,-0.157521122,0.891716118999999,1.00066461265082,4368.61771751804,2987.08016966414
"r_id[90,Intercept]",-0.38293373731199,-0.384719495,0.438019761206562,0.442347416637,-1.10826838,0.323343752,0.999675267545805,9980.32598616013,2973.61981555291
"r_id[91,Intercept]",-0.34388971105589,-0.347888235,0.28846796517041,0.293872276551,-0.8139279485,0.1210612045,1.0004020194945,7466.88650988812,3159.53947524101
"r_id[92,Intercept]",0.213616656246027,0.21290642,0.449107403245112,0.449674129317,-0.5159697255,0.9658620715,1.00255647757354,10298.737231577,2937.92990909598
"r_id[93,Intercept]",-0.0739822462380775,-0.075567087,0.285954217860461,0.289953379275,-0.538122074,0.395258973999999,1.00072134212797,8941.84495234376,3072.03828688877
"r_id[94,Intercept]",0.593395031295677,0.59059618,0.431574699076881,0.433088194161,-0.1091362435,1.303290915,1.0001772909302,8860.19162255523,2526.39545645695
"r_id[95,Intercept]",0.38305975964614,0.37993085,0.28544979005488,0.282398650128,-0.096751782,0.8414403075,1.00158412512318,8687.94964321153,3091.90516751726
"r_id[96,Intercept]",-0.270634518099588,-0.263421745,0.446291526395655,0.4602405335262,-1.006979415,0.453761328,1.00321511446305,9578.2873674833,2994.05865180406
"r_id[97,Intercept]",0.300442616574425,0.30757787,0.290420717719537,0.29746419381,-0.183708958,0.7759468495,1.00094089023592,7833.21341376973,2855.70244360999
"r_id[98,Intercept]",1.74776656635915,1.7439069,0.440392486960036,0.4367094669,1.02706484,2.477430395,1.0017946361229,9370.86883282952,3016.98253915933
"r_id[99,Intercept]",-0.137596757726508,-0.1357303,0.292484232681373,0.291254427492,-0.6241075535,0.3396129305,1.00029752755615,7900.40971608376,2750.09353409321
"r_id[100,Intercept]",0.455867656865685,0.462394615,0.438323332650637,0.437461560228,-0.27696924,1.157003905,1.00069540811859,7501.85609335956,3190.76262080662
"r_id[101,Intercept]",0.200596636565843,0.201546785,0.295696542994292,0.299979709510047,-0.283747051,0.685932680999999,0.999847198739744,6115.22729876914,3085.76082688738
"r_id[102,Intercept]",0.706770731307585,0.70631828,0.438984527549851,0.435731573592,-0.00847237968,1.43516625,1.00156544478787,7548.5823198459,2705.7352368435
"r_id[103,Intercept]",-1.14583759267375,-1.14646915,0.300140623540137,0.300740628615,-1.64711055,-0.655702562,0.999615518957434,7469.4230175992,2628.48397319022
"r_id[104,Intercept]",0.377577951655973,0.380348455,0.449017730129487,0.43381261476,-0.3689169305,1.136639035,1.00294379886252,8309.4917225936,2118.8024901096
"r_id[105,Intercept]",-0.6193330008301,-0.62091223,0.290335377592912,0.286126729371,-1.091845345,-0.1403800375,1.00294805786087,8223.30593356432,2545.26044546248
"r_id[106,Intercept]",-1.13553481574945,-1.13952235,0.431608126512613,0.420555368646,-1.869215695,-0.419011283000001,1.00276932643803,8138.45369124608,3039.53188163982
"r_id[107,Intercept]",0.431485759983842,0.43461077,0.28944646982966,0.292381477773,-0.04239358235,0.9119372595,1.00048600690607,8795.4027370578,2851.04461650007
"r_id[108,Intercept]",-0.0869028154948703,-0.085441032,0.426431051360691,0.417538774317,-0.7929642895,0.6133238585,0.999972999717555,8106.01041015716,2889.39189288897
"r_id[109,Intercept]",-0.513182630439455,-0.520897705,0.284011187178346,0.283227979503,-0.971442508,-0.0320441805500003,1.00016012887525,7826.43436668939,2795.56695548752
"r_id[110,Intercept]",-0.69488371285339,-0.69737665,0.438988039924998,0.435825859539,-1.41715271,0.0253510778999997,1.00214174331993,9192.99445593113,2940.3305433126
"r_id[111,Intercept]",-0.13819997595164,-0.139301225,0.283926742127479,0.2800063682808,-0.6081995895,0.32764748,1.00049306842939,7972.1458771072,2946.61379394444
"r_id[112,Intercept]",0.52611858758386,0.52882301,0.431824182600649,0.436249682988,-0.175134002,1.232147055,1.00053455811335,9740.26583057465,3235.99904323716
"r_id[113,Intercept]",-1.179674408265,-1.1783431,0.300357396813585,0.29618871303,-1.682776895,-0.685886201,0.999687674739549,7020.58283905182,2720.48047457588
"r_id[114,Intercept]",-0.819003852684055,-0.81444945,0.44221133270537,0.444847406409,-1.544764875,-0.0956113391000006,1.00063764105652,7638.72224408864,2538.36585437733
"r_id[115,Intercept]",0.444472739386735,0.443560675,0.293234525523935,0.29779162602,-0.04216459885,0.91971381,1.00108409168819,7002.30158793493,2873.11231472508
"r_id[116,Intercept]",-0.820547102283075,-0.823427615,0.424231561199001,0.408487293753,-1.52231275,-0.1267400625,1.00058922188831,8516.03038027789,2767.82471843261
"r_id[117,Intercept]",-0.508517045869742,-0.51251807,0.283231417044683,0.279958816851,-0.965403418,-0.0437854141500001,1.00238573462048,9149.81307951114,2732.30913030292
"r_id[118,Intercept]",-0.754812240417475,-0.75414802,0.427206697719044,0.42505393287,-1.458550175,-0.0581113022500006,1.00273945497114,8140.50662948977,2926.99361373908
"r_id[119,Intercept]",0.6762794705412,0.677529595,0.290848026493035,0.293080701585,0.200046898,1.154254575,1.00160196104585,7988.43981397192,2537.75543450553
"r_id[120,Intercept]",0.606572701699887,0.600984365,0.430824564077656,0.442715205219,-0.08684365455,1.311737095,1.00049566457248,9069.3143710359,2929.14850452412
"r_id[121,Intercept]",-0.382484627064975,-0.38349991,0.284714551615952,0.289110602718,-0.8482479825,0.0908959921999998,1.00014471602443,8392.02104441134,3257.01723875235
"r_id[122,Intercept]",-0.557489630814722,-0.556066115,0.437183664688636,0.431759243412,-1.281160005,0.1618819655,1.00113752868822,10020.0297074629,2972.31753041417
"r_id[123,Intercept]",-2.2720821749,-2.26993095,0.283535331347112,0.2900832921,-2.72906454,-1.81063176,1.00035794557067,6963.64081232906,3054.3184288214
"r_id[124,Intercept]",0.64916435739603,0.65118451,0.430262673762251,0.424061146845,-0.0736781126,1.36589869,1.00144433135074,8622.3650734726,2849.56405672466
"r_id[125,Intercept]",0.76816135741235,0.769441415,0.293966306932251,0.293687314788,0.2885680125,1.25257863,1.00223053629444,7885.27499918193,2835.37105685786
"r_id[126,Intercept]",0.5890394580208,0.58918338,0.433413736150682,0.431531427096,-0.127584988,1.30279715,1.00357727063845,8538.13733586384,2910.47777426206
"r_id[127,Intercept]",0.8689712783575,0.8693214,0.278221630948018,0.284466158067,0.4085842635,1.328571275,1.00021487098239,8868.60789844691,3191.35265150457
"r_id[128,Intercept]",-0.304658622973297,-0.307801015,0.439657172025717,0.4296951506421,-1.019992225,0.4297826305,1.0003417858095,7320.95707069493,2965.18463249174
"r_id[129,Intercept]",0.576706155280374,0.578162765,0.286571426871779,0.278585232429,0.1020243265,1.04553582,1.00189622468205,8243.65469151106,2998.09109037968
"r_id[130,Intercept]",-0.294536767338078,-0.294990775,0.438805758676,0.436756576515,-1.01931899,0.4289427095,0.999180916391608,9777.46045183454,2560.43366347137
"r_id[131,Intercept]",0.794561390921575,0.79370309,0.276628585602134,0.27648332817,0.3428916605,1.24840598,1.00056853611321,7395.21860085909,2839.75176636138
"r_id[132,Intercept]",-1.03766310632427,-1.0368137,0.42604686126979,0.42554941779,-1.75553454,-0.3424721365,1.00008513541861,7543.6793177362,3199.13290419637
"r_id[133,Intercept]",-0.0628614315513312,-0.063687011,0.294784340869667,0.301933298772,-0.5449120745,0.4157886065,1.00203633450712,8262.26441504793,3101.84612325235
"r_id[134,Intercept]",-0.557889945737215,-0.556854995,0.423448991651857,0.407616266253,-1.244026385,0.1279833775,1.00090204424677,8860.42109082574,2468.13034441722
"r_id[135,Intercept]",0.27052672834717,0.276351,0.284543004484478,0.2832006344286,-0.210242495,0.735919594,1.00136901955027,8139.46744302041,3018.40855130623
"r_id[136,Intercept]",-0.134470107133078,-0.13953057,0.437505067740401,0.438542686974,-0.8431814265,0.592536752999999,0.999755501207235,8766.54141421694,2959.5315399877
"r_id[137,Intercept]",0.817689815267175,0.819831005,0.294714533342367,0.298700348625,0.3393945405,1.30189701,1.00005488323376,8091.01634826178,2692.81567499963
"r_id[138,Intercept]",0.05851608999299,0.056393547,0.411928310195387,0.419505035502,-0.619498931,0.741522306499998,1.00034389865057,11884.1493709429,3174.82805208955
"r_id[139,Intercept]",-0.581297296904427,-0.58063041,0.293669066571547,0.288426130776,-1.06737945,-0.104284362,1.00171591809744,7217.01063732858,2943.74971926209
"r_id[140,Intercept]",0.0851979535541175,0.0864107935,0.437500443798356,0.4341072941121,-0.6308094985,0.8020070645,1.00244578266989,9507.10036866882,3005.83202360446
"r_id[141,Intercept]",0.216393836566188,0.219832285,0.288161443235543,0.2843841777,-0.273050925,0.6970422545,1.00266553913169,7781.44461623013,2932.04633690843
"r_id[142,Intercept]",0.108051777938207,0.1035605,0.427359966334968,0.420777261975,-0.593122803,0.821021180999999,1.00269264980036,9321.61946978569,2766.12433778588
"r_id[143,Intercept]",-0.269644345252327,-0.269646165,0.276528218007667,0.2763187662417,-0.724232032,0.1847517525,1.00036580289439,8533.68937395672,3124.21233843574
"r_id[144,Intercept]",-0.410751806099672,-0.411810445,0.427423915421554,0.424188976617,-1.111699095,0.282907358999999,1.00237090023181,9278.04450192611,2833.48633633253
"r_id[145,Intercept]",0.44606825940729,0.44946506,0.281464683844881,0.287803461015,-0.00699003098499998,0.9083337515,1.00539595124778,9171.70465955026,2454.96257236786
"r_id[146,Intercept]",0.306635894740802,0.306286095,0.440434317809334,0.439860132747,-0.4260958465,1.028590805,0.999978613221134,6798.85174271303,2958.66388942043
"r_id[147,Intercept]",-0.528081544182213,-0.525972715,0.280315735287639,0.278718525582,-0.986651673,-0.07249746885,1.00045078246782,6311.24451508591,3073.48620261291
"r_id[148,Intercept]",-0.26463155662926,-0.27279358,0.43452789688869,0.4353518004129,-0.9788276025,0.447881176499999,1.00121660304063,8582.84993885138,3069.5145065497
"r_id[149,Intercept]",-1.4053028976825,-1.39949275,0.287587755847175,0.28404607077,-1.88480209,-0.930886438,0.999842038793181,8313.27852022296,3260.32557087749
"r_id[150,Intercept]",0.488040876327933,0.48687933,0.422191168882893,0.417085217325,-0.213993345,1.175311865,0.999995862927308,8563.04846457638,3112.0762435045
"r_id[151,Intercept]",0.276581568103975,0.280532445,0.27705843364159,0.280006334181,-0.180825268,0.716524613,1.00124606688299,8422.0835986607,2557.07131205407
"r_id[152,Intercept]",-0.626320286627554,-0.63119918,0.439026764641186,0.429039065301,-1.336235535,0.0930309802499995,1.00163420532196,8195.26727508894,2756.9922814307
"r_id[153,Intercept]",-0.224389558832985,-0.22319327,0.28134962420532,0.286974294726,-0.6832101965,0.233405225,0.999975497840821,7211.7520398861,2835.33161555573
"r_id[154,Intercept]",-0.0771727726465075,-0.070736817,0.422490479502317,0.4117959128388,-0.787675805,0.608294668,1.00169642947111,9416.20707160805,2770.30984051573
"r_id[155,Intercept]",0.138730196025963,0.137803385,0.285660730677254,0.2778615219954,-0.3237442785,0.617790394,1.00078476638207,7045.11899695039,2944.02450855975
"r_id[156,Intercept]",-0.546588443207847,-0.537460975,0.434696720128866,0.424413649821,-1.257919525,0.178258574499999,1.0018048546853,9329.78662112204,3202.42650234115
"r_id[157,Intercept]",0.201956465402882,0.20439855,0.292375840788852,0.28964594467032,-0.267263027,0.6767816255,1.00115997959582,7374.83732449942,2847.19510378325
"r_id[158,Intercept]",0.267351529253125,0.27141397,0.440842522164313,0.4439777176968,-0.4410518235,0.994979777,1.00107144185478,8855.32946143241,2650.60120934361
"r_id[159,Intercept]",-1.007173390239,-1.00680765,0.304691288612457,0.30320756382,-1.52266571,-0.5121470475,1.00168725745037,5762.81481572064,2883.3090870856
"r_id[160,Intercept]",-0.184325495741286,-0.1809396,0.437276694903065,0.446481631911,-0.9088443455,0.532109642,1.00200458547577,8963.09334548293,3011.9784111358
"r_id[161,Intercept]",-0.484986231764088,-0.48472858,0.289015474636403,0.287483975541,-0.9695318445,-0.00463152125000014,1.00030280185765,6831.13921314013,2872.52689439591
"r_id[162,Intercept]",-0.392366252789018,-0.395229645,0.434567191512134,0.427149647274,-1.11334844,0.319222412,1.00200159825896,9947.26395420941,3232.94441202402
"r_id[163,Intercept]",-0.734379253519075,-0.74030255,0.289611738547409,0.294796714716,-1.20766084,-0.26424518,1.00010778592289,8112.81272700843,2817.99303137186
"r_id[164,Intercept]",0.557737116899584,0.55837068,0.439403636858025,0.43796419128,-0.1798885055,1.27673169,1.00040451302145,8459.19535005686,2663.84734969
"r_id[165,Intercept]",-0.509064240774625,-0.514089845,0.293373717240397,0.290129964348,-0.995436041,-0.0226624158500002,1.0012042976851,5992.85863557017,2834.15901098308
"r_id[166,Intercept]",-0.0722138029957349,-0.0679746185,0.434665242313232,0.4403250412659,-0.7668540675,0.6482155215,1.00098187527124,9950.73946836906,3062.95554046722
"r_id[167,Intercept]",-0.334614651351284,-0.335350695,0.285262781333073,0.284783360337,-0.8027381815,0.135648578,1.00264258222695,8897.26995548233,2773.29731439888
"r_id[168,Intercept]",-0.865732102388873,-0.865528675,0.428662870546425,0.431457778941,-1.565844805,-0.1612106915,0.999480574584188,8065.31418970155,2954.78746110525
"r_id[169,Intercept]",0.293825810052986,0.295381235,0.284914867386788,0.289889464389,-0.179249351,0.752512453,1.00326008712735,8024.97536551232,2875.35965383435
"r_id[170,Intercept]",0.594168800510597,0.600820835,0.447709962759349,0.442890619038,-0.148245543,1.354163835,1.00086131689943,9361.15779791147,2573.15148652062
"r_id[171,Intercept]",0.515409047190196,0.518227825,0.287835660731598,0.283874726688,0.0316466466,0.9699671805,1.00088871702113,7890.90666557881,3085.83802046922
"r_id[172,Intercept]",0.237730172833555,0.240807845,0.441643801007757,0.4332946728978,-0.484132883,0.955429159,1.00070745717073,9527.36929152737,2848.00495857793
"r_id[173,Intercept]",-0.163408315141212,-0.164622275,0.284927904381226,0.282731360394,-0.6246746235,0.297856937,1.0055174584021,6877.02373690592,2728.14260945798
"r_id[174,Intercept]",0.855962622351125,0.857067025,0.436409294103584,0.428957640909,0.135658592,1.578151195,1.00014509516983,8621.67447664876,2907.00357722195
"r_id[175,Intercept]",-0.595184632414111,-0.59177147,0.284500929542584,0.288479200443,-1.07121262,-0.1340471475,1.00073792977909,7745.0135174506,2707.74999127224
"r_id[176,Intercept]",-0.277807495549688,-0.27645834,0.430575355752067,0.41756540618667,-0.987370766,0.4433208195,1.00210906809303,9465.20135469207,2538.38601735032
"r_id[177,Intercept]",0.306527371049025,0.31350236,0.290676082946207,0.299919764886,-0.1732087885,0.779112182,1.00014143379409,7822.11869783906,2892.6137162033
"r_id[178,Intercept]",-0.0814175438748097,-0.082127487,0.437058827105987,0.4426854390588,-0.7880523365,0.6387798875,1.00133053061175,10595.7777114354,3011.47402135323
"r_id[179,Intercept]",0.632785226754067,0.636110655,0.291364195562323,0.292613512086,0.1613240295,1.09782142,1.00075636817289,5074.5256629487,2978.8932088745
"r_id[180,Intercept]",0.36061117975268,0.353930785,0.422992725023931,0.418643971074,-0.331837519,1.061893575,1.00102281203678,8603.0226475119,3101.0882763095
"r_id[181,Intercept]",-0.91873880707175,-0.91881973,0.279503374454784,0.275822592654,-1.383745425,-0.4518036355,1.00021167294582,7428.43637412826,2983.50471027645
"r_id[182,Intercept]",-0.061865771138325,-0.055730649,0.431967956521841,0.43109019051,-0.769691016,0.64806176,0.999637023965258,9303.19831952948,2280.05950262542
"r_id[183,Intercept]",-0.80089000263815,-0.799801315,0.28216280357873,0.284437210302,-1.26094453,-0.347272796,1.00206111435491,7513.82175745074,3111.02376100132
"r_id[184,Intercept]",0.21216485182811,0.215446275,0.421445887115949,0.4145181910527,-0.48429707,0.913961378,1.00019172579012,8124.46675237378,2934.16021534067
"r_id[185,Intercept]",0.678191902167605,0.674401115,0.308925749467244,0.306744061491,0.1705131505,1.19153401,1.00065600877307,5231.61253776031,2922.75218026067
"r_id[186,Intercept]",0.160017463148557,0.158099775,0.426624133530241,0.422961880488,-0.5456708825,0.8624829755,0.999531070717629,9459.49271457338,2771.42956257663
"r_id[187,Intercept]",-0.305933759287073,-0.308438195,0.290000539501621,0.289576087227,-0.788830654,0.1722481585,1.00101977393903,6692.97000443953,3019.80590206903
"r_id[188,Intercept]",-0.0408310800840675,-0.041024737,0.430980125995423,0.431645298189,-0.7666547225,0.6638002565,1.00359051434996,10460.1793356615,2659.40692107316
"r_id[189,Intercept]",-0.126263140896278,-0.127261695,0.28688132012501,0.28240846494,-0.6047572605,0.3468598045,1.00220689538989,9553.53346520038,2922.23844286115
"r_id[190,Intercept]",0.00224550029681752,-0.0061880428,0.434845239522549,0.441279744486,-0.693102041,0.7121913025,1.0010625487084,10149.6929380448,2767.01539653238
"r_id[191,Intercept]",-0.401032917207025,-0.395179725,0.28515318003123,0.290008472691,-0.8736780985,0.0677947531999998,1.00653844133337,5099.47151697172,3096.32902994617
"r_id[192,Intercept]",-0.479304887028895,-0.481259775,0.441388491732739,0.43447088916,-1.196615945,0.264482764,1.00241511117658,9232.06690040102,2583.11825569411
"r_id[193,Intercept]",-0.106884298105145,-0.110659895,0.284504907160136,0.2854382670111,-0.573140785,0.356620116,1.00058649243226,8724.61037591849,3131.25763453161
"r_id[194,Intercept]",-0.022132818163125,-0.0240176205,0.440550733849092,0.450280208784,-0.7328629145,0.6973230905,1.0007249315839,8535.47230050708,2510.0219846554
"r_id[195,Intercept]",0.51512686020008,0.508376855,0.28970227551401,0.301894929084,0.0400350712,0.9944057985,1.00065288283118,7561.61634376331,3171.60772237546
"r_id[196,Intercept]",0.721671832170675,0.717574765,0.427213094184434,0.421814437044,0.01388205645,1.43641804,1.00109524526787,8660.09167392903,2931.55947712838
"r_id[197,Intercept]",-0.152719259669528,-0.15687255,0.280026603166867,0.2875312549137,-0.604674565,0.3145530145,1.00006305356259,7431.15289586718,2677.14485925834
"r_id[198,Intercept]",0.7892515441259,0.779312915,0.43828514674147,0.434061150411,0.0703723081,1.51496536,1.00213774014285,8538.96719060512,2523.05240632986
"r_id[199,Intercept]",0.43297353845099,0.431330385,0.289465140738581,0.282798010677,-0.0455680408,0.9131772075,1.00361334445529,8297.25602823929,2367.54823146545
"r_id[200,Intercept]",-0.216097806650929,-0.21520172,0.421177762809393,0.4308687990411,-0.9059915515,0.4711298545,1.00009329951323,8033.19576711957,3222.19829670085
"r_id[201,Intercept]",-0.303987809258769,-0.30168509,0.282615278105681,0.284612171928,-0.7761689955,0.155207985,1.00147437040688,8389.09414318014,3094.58025343513
"r_id[202,Intercept]",1.64977861625842,1.6522272,0.446921038790833,0.44701931904,0.907038784,2.382535185,1.00144533781367,8781.44848697709,2976.99557843816
"r_id[203,Intercept]",-0.086941249446798,-0.082956656,0.288320512187696,0.280960750518,-0.566254944,0.3998547345,0.999808857630676,7365.61377041292,3142.76773173456
"r_id[204,Intercept]",0.27502829726643,0.26744159,0.439795215179545,0.4396269649863,-0.446466465,1.00790054,1.00124756550157,11493.8676757591,2919.94855245408
"r_id[205,Intercept]",0.133147479016653,0.13190236,0.286671337169183,0.28664225163,-0.34301136,0.6043827965,1.00004970397822,7327.90732059849,3209.53845082643
"r_id[206,Intercept]",0.421654696723223,0.424409975,0.440993290227251,0.458432425731,-0.289862663,1.150367135,1.00264685763221,10717.7133706476,3087.49185744159
"r_id[207,Intercept]",-0.210110139373272,-0.204321135,0.290466179613983,0.28833744987243,-0.6837352825,0.2684096505,1.00027603089172,6347.1614767966,2550.1418429033
"r_id[208,Intercept]",0.579332470514725,0.57904158,0.434559008423716,0.418084044945,-0.1283288265,1.281192715,0.999600436728957,9315.39305914405,2682.4987942879
"r_id[209,Intercept]",-1.421593763125,-1.41867005,0.284724155549159,0.29401744533,-1.878352,-0.946809698,0.999967219838553,7182.89760301686,2873.00229483677
"r_id[210,Intercept]",0.524267052877857,0.524790245,0.442618708735953,0.434230211289,-0.194532371,1.24945829,1.00122524812625,8845.9040172942,2977.45256836335
"r_id[211,Intercept]",1.9029121137375,1.8993194,0.286752857440788,0.28874198388,1.434696385,2.371549085,0.999830750714622,7649.66867749153,2913.45094896127
"r_id[212,Intercept]",0.209601723514763,0.209406565,0.435218353300232,0.4447058396067,-0.508659221,0.910921732,1.00109800405727,9929.87841666835,2978.34460971278
"r_id[213,Intercept]",0.0695800699947425,0.070468364,0.286919862795137,0.2895425715714,-0.390922191,0.530808845,1.00027267660746,9673.16813181528,3266.18159148343
"r_id[214,Intercept]",0.740005883532483,0.736467625,0.424791383422755,0.417528418356,0.04172257515,1.445988485,1.00108723307866,9046.31096169832,2985.20711805568
"r_id[215,Intercept]",0.863726498506675,0.862884055,0.298661487418608,0.301710708621,0.37104011,1.35206743,1.00107262064961,6770.04067364345,3170.59668541787
"r_id[216,Intercept]",-1.0510332488872,-1.05354065,0.439613597745406,0.45193606542,-1.766398465,-0.31934685,1.00310983627415,8449.9155493427,2944.3109319469
"r_id[217,Intercept]",-0.5725803892702,-0.57195843,0.281603118952488,0.287309102871,-1.041569835,-0.114570588,1.00275993690495,7884.5967843313,2949.88837278064
"r_id[218,Intercept]",1.03232304665145,1.04091075,0.437955959240907,0.439342616391,0.327649828,1.74739105,1.00044964457072,10051.5278961385,2691.40710489773
"r_id[219,Intercept]",0.724589889602675,0.71969456,0.296233102035636,0.290761492644,0.241909066,1.22116216,1.00002508868773,8555.26331842399,3080.19947082384
"r_id[220,Intercept]",0.421240103972382,0.418520225,0.422015236210015,0.418522138419,-0.2759328045,1.122404295,1.00173529218707,10246.0218800981,3098.14901361068
"r_id[221,Intercept]",-1.15391375196125,-1.1567434,0.281001905081047,0.27945712725,-1.625346955,-0.690867865,1.00124498106036,8113.37702628625,3277.46248194481
"r_id[222,Intercept]",0.284358746189168,0.28186232,0.440728902853466,0.4427251304847,-0.4364833235,1.005392895,1.00068028729676,10286.1418329205,2338.5289896914
"r_id[223,Intercept]",-1.2528703985775,-1.24827055,0.289429413023628,0.2941018794,-1.731969285,-0.796754208,1.00143035464965,8816.42161404007,3419.35663656861
"r_id[224,Intercept]",0.506732602066947,0.50897653,0.429446368603248,0.423552274047,-0.182327869,1.2200374,1.003488082224,8252.09803700274,2956.54280497308
"r_id[225,Intercept]",-0.6211071549546,-0.619297775,0.274999065412356,0.27582105075,-1.08260325,-0.174800906500001,1.00363777641393,6774.53675284681,2742.63014730144
"r_id[226,Intercept]",0.156349626571913,0.15469909,0.441610861359762,0.441905194122,-0.5709544555,0.886834858999999,1.00288996885673,10732.6583957578,3239.21049828656
"r_id[227,Intercept]",-0.715519304088725,-0.7153591,0.286408791640599,0.285958091034,-1.18484776,-0.2503333795,0.99980067588099,7804.10005372248,3004.115004804
"r_id[228,Intercept]",0.8920056251028,0.89654678,0.412213493603673,0.411488053914,0.214517372,1.575625175,1.0012857712883,9446.50922845646,3091.05119306288
"r_id[229,Intercept]",-0.109139578814755,-0.108879755,0.285953781960015,0.2772838017012,-0.579521246,0.3599528105,0.999856762114444,6358.84392780392,2866.56138718221
"r_id[230,Intercept]",0.264500356569362,0.2702685,0.431261744686308,0.4301832307164,-0.4450398755,0.971218371,1.00262154494836,8210.26345157406,2918.61318300752
"r_id[231,Intercept]",-0.0383387065745425,-0.0371529225,0.286112718983611,0.2875149062835,-0.515226555,0.4338592805,1.00124975453811,6895.18141267862,2727.20459912866
"r_id[232,Intercept]",-0.104970134305556,-0.109244105,0.441353937574952,0.443861128998,-0.832984791,0.6288940555,1.00352415831839,8666.28670631762,2770.76126780633
"r_id[233,Intercept]",0.650174586215205,0.657513,0.297644930174345,0.292578129837,0.154330306,1.145865105,1.00009966668622,8707.24578572557,2756.83947636943
"r_id[234,Intercept]",0.915891590404872,0.913304675,0.440827323294343,0.449794345938,0.1827915015,1.6302274,1.00312059036484,8693.09641600742,2498.36527504891
"r_id[235,Intercept]",1.07728715902025,1.07543735,0.29156122999149,0.294224319921,0.604142633,1.54722785,1.00011654765665,8416.54863579657,2682.11687945332
"r_id[236,Intercept]",-1.11560986698384,-1.11086335,0.438043197926306,0.432936457464,-1.83858861,-0.383751253,1.0010972379889,7336.03984754663,3133.45710574526
"r_id[237,Intercept]",-0.390326832528437,-0.3871193,0.292041792516281,0.293767908924,-0.879041049,0.0891589146,1.00128643651336,6894.90013837225,3105.74771349455
"r_id[238,Intercept]",-0.131143284649242,-0.132901875,0.422562060860903,0.429799750296,-0.802196816,0.5571126375,1.00517992729899,9871.38120736005,2694.64366570155
"r_id[239,Intercept]",0.362515445128282,0.3638626,0.280115949996342,0.277400004924,-0.0906476351,0.8186029105,1.00250704361546,8466.03239928269,3056.70111495605
"r_id[240,Intercept]",-0.896112814286175,-0.8960942,0.433294265797943,0.43302476112,-1.59300244,-0.189027895,1.00389551151651,8279.3046392827,2726.81025195455
"r_id[241,Intercept]",-1.471180724895,-1.4733994,0.2969780713075,0.30761436993,-1.96032099,-0.977931303,1.00235544640274,6446.34090948847,3271.68053591513
"r_id[242,Intercept]",-0.0329953457391175,-0.032986052,0.434641684747671,0.4358610297762,-0.7678846405,0.699170448,1.00194459868671,7452.4420207015,2959.8587013695
"r_id[243,Intercept]",0.373277108927538,0.37783069,0.275387859614489,0.275829679482,-0.077933349,0.823629544,0.999832353599724,7291.72483879507,2877.12391100882
"r_id[244,Intercept]",-0.322585036278277,-0.320529765,0.429149632178106,0.423072311949,-1.03003666,0.390050609999999,1.00089986350346,9343.59816875652,2666.96955288709
"r_id[245,Intercept]",0.330805541724927,0.329251375,0.296449603255791,0.291588286773,-0.153345986,0.826411404,1.0020820064601,5886.6908701287,3144.47908944725
"r_id[246,Intercept]",0.032575427490894,0.0311202595,0.423795490242377,0.424632466755,-0.657985527,0.733486257,1.00068360552864,7231.68775805753,2920.17367505457
"r_id[247,Intercept]",-0.97165427833525,-0.975752155,0.273566122680979,0.276674464962,-1.41577971,-0.5252428725,1.00301778071152,8327.24267338538,2652.86652914531
"r_id[248,Intercept]",-0.751447391219042,-0.752541575,0.449282528729613,0.441245963445,-1.479836215,-0.00711709527000054,1.00276273176715,9919.72323418835,2837.81695880953
"r_id[249,Intercept]",0.134263161523572,0.134654225,0.295221328348335,0.303947514654,-0.351211849,0.622977732,1.00021505539618,5376.46122444054,2712.41442072411
"r_id[250,Intercept]",0.614116520147633,0.614159115,0.433011921830382,0.428176599816,-0.09195951225,1.31960894,1.00214135709646,10156.1691972234,2974.48780135842
"r_id[251,Intercept]",0.703837406582661,0.7057337,0.288580727536072,0.293113785804,0.225123913,1.17102224,1.00083034000525,8863.49282599875,3042.63974146382
"r_id[252,Intercept]",-0.21032383678224,-0.1994171,0.436481716332467,0.436827429969,-0.9432362485,0.508853863,1.00121599681914,10238.5611698242,2800.40559340023
"r_id[253,Intercept]",0.172328903067727,0.16633117,0.295509945376668,0.294499712871,-0.3133053685,0.6575240955,1.00095200779024,7279.49333554869,3134.33211044463
"r_id[254,Intercept]",-0.216840664987315,-0.219752295,0.425029023324232,0.4177658100441,-0.914309638,0.4730953725,1.00153671717639,10126.2347576172,2998.10514676747
"r_id[255,Intercept]",-0.083205823326795,-0.0855554935,0.286930586740008,0.2942259411441,-0.548643106,0.3932349675,1.00018995258203,6735.34137603012,3324.9628092667
"r_id[256,Intercept]",0.160340392741865,0.16041708,0.413976743867752,0.413846173692,-0.525410474,0.84678775,1.00027778331746,11388.7623536684,3359.7586849411
"r_id[257,Intercept]",-1.1407525933565,-1.136892,0.288894843717335,0.287431758369,-1.61349515,-0.6707657675,1.00422227081324,7334.27592118344,2101.54876398132
"r_id[258,Intercept]",0.782991202856963,0.779671905,0.43410636732292,0.417195626547,0.06807178775,1.505468605,1.00215339204574,9240.66788900031,2808.66697598369
"r_id[259,Intercept]",-0.272606276294228,-0.272022385,0.283658739026683,0.2750558223273,-0.7415815875,0.1963736965,1.00011297731582,8766.0806448386,3010.05549027071
"r_id[260,Intercept]",0.674333256772418,0.67692007,0.41518997324748,0.42835531242,-0.00151075977999998,1.33634048,1.00162623150385,7698.67011946385,3105.34521139888
"r_id[261,Intercept]",0.543646452026287,0.547248515,0.296564041799758,0.290874370395,0.0461510062,1.03582986,0.999954928298545,4218.16313978952,3023.50094320577
"r_id[262,Intercept]",0.644832631329155,0.64995529,0.435267878866575,0.439153933302,-0.07565418915,1.34562928,1.00109939612079,9895.40005783546,2913.85171434668
"r_id[263,Intercept]",-0.4502290167033,-0.45213419,0.284991501338597,0.292332159084,-0.919593586,0.0069592307749998,1.00172013714023,6091.14885083467,2398.61598053528
"r_id[264,Intercept]",0.308969364867587,0.311726775,0.428903424694886,0.435035025873,-0.3855808915,1.00475504,1.00029556377031,8680.01517274569,2613.45205149093
"r_id[265,Intercept]",-0.919386081781,-0.91750588,0.285384614594283,0.293434509249,-1.39428884,-0.462179111,1.00068422263208,9062.39877709697,2943.0431166773
"r_id[266,Intercept]",-0.36399830178205,-0.35859221,0.434694819961065,0.4380021102576,-1.088741865,0.3505733315,1.00145531414044,8082.11227233,2601.68653819858
"r_id[267,Intercept]",-0.688038805390225,-0.68458523,0.282361223083449,0.276251464356,-1.156228505,-0.223318579,1.00161375365919,6843.07270680286,2974.10275652484
"r_id[268,Intercept]",0.046590342888065,0.0534704035,0.437893682569586,0.437758791876,-0.673794864,0.7677982465,1.00007907779097,10908.7738832222,2755.69537036703
"r_id[269,Intercept]",0.627281104687613,0.62805003,0.28431086334841,0.288253919373,0.1654423055,1.110196155,1.00086110449332,7482.08275170983,3009.06367358667
"r_id[270,Intercept]",-0.0490424605083492,-0.0517650395,0.432723060488105,0.434636369559,-0.772443854,0.663901573499999,1.00036500452276,8271.78246949647,2923.1050732354
"r_id[271,Intercept]",-0.65236411787342,-0.65216713,0.276664350025738,0.274900422867,-1.10364676,-0.1922711185,0.999852685526698,6454.03697254864,2722.02944694
"r_id[272,Intercept]",-1.6949730068525,-1.69474015,0.446893888242458,0.45577399791,-2.436138755,-0.962061317,1.00021609481157,9271.21278256578,2633.44660994058
"r_id[273,Intercept]",0.381552583748037,0.382473005,0.291697751953278,0.295743895965,-0.1057101095,0.864871602,0.999585623285559,6739.3479939582,2375.50520455343
"r_id[274,Intercept]",0.813841598118625,0.81595363,0.434708241787882,0.430585446753,0.09411920155,1.534844775,1.00231088847021,8461.67955026927,2956.61867585853
"r_id[275,Intercept]",-0.027100960630525,-0.0318356535,0.315477053635165,0.311797066224,-0.551846145,0.4917643975,1.00090997719854,4453.81609696312,3152.08539372517
"r_id[276,Intercept]",0.210168936920065,0.20357815,0.417976095223338,0.4276067365605,-0.472737887,0.9041857295,1.00139728685858,8751.06967359113,2845.51382336789
"r_id[277,Intercept]",0.0580409043041224,0.065552761,0.290011325225622,0.294095904522,-0.4198568955,0.53267209,1.00119666018445,8945.10836586422,2787.8349184359
"r_id[278,Intercept]",-0.0174101707079573,-0.0115556795,0.427232930649649,0.424912485417,-0.728956424,0.685486341,0.999597543566817,9755.9198036174,3167.78708874232
"r_id[279,Intercept]",0.41895978938719,0.4174351,0.287288053723687,0.28968795681,-0.0565276889,0.894116492,0.999790643907963,8020.1387808875,3249.92408355759
"r_id[280,Intercept]",-0.320648304650256,-0.31563739,0.44653863874883,0.456794567859,-1.048106225,0.414467873,1.0023606116083,8592.36054366592,2819.70192228047
"r_id[281,Intercept]",-0.300273493790418,-0.302101985,0.284667886903409,0.278314939623,-0.77553114,0.169103134,0.999986429074671,7897.35729550267,2898.55157762388
"r_id[282,Intercept]",-0.74897404876457,-0.74669029,0.43725861734751,0.447779663037,-1.466487605,-0.0309754204000004,1.00073128442136,11082.4025124602,2685.68657239959
"r_id[283,Intercept]",1.01790479995075,1.01841075,0.281522782477954,0.28691831175,0.557532654,1.474554305,1.00075446517242,8697.76575707245,3290.52944692437
"r_id[284,Intercept]",-0.0309810110258272,-0.034001825,0.430978391088532,0.421460058579,-0.7413294355,0.694962235,1.00015425721093,8520.77736762579,2937.21032288672
"r_id[285,Intercept]",0.5820338696844,0.57769345,0.281138687554658,0.285742254126,0.1253186475,1.041233915,1.00179039841975,6768.63486893627,3149.91818820706
"r_id[286,Intercept]",0.64359052285506,0.6450226,0.438127452060936,0.442689511761,-0.08421204715,1.372514175,1.00335352068898,9267.41875034126,3090.45552359258
"r_id[287,Intercept]",-0.44541955496233,-0.44253176,0.292452966922651,0.296628622689,-0.9308462105,0.0309467473999999,1.00223674151878,6353.36725230016,2969.33961884723
"r_id[288,Intercept]",-0.701898156921015,-0.70206885,0.421941019195137,0.431863336758,-1.395901855,-0.00866679117500046,1.0017044710216,6976.21276421239,3168.3721708503
"r_id[289,Intercept]",1.4378384596125,1.42964235,0.295697853416052,0.30960609477,0.9550571465,1.926428405,1.00058040298949,8352.96873494177,2914.40328604444
"r_id[290,Intercept]",0.241860122914642,0.24694448,0.4236861949463,0.419834802807,-0.4761465595,0.9414211555,1.00219332050809,8489.64705124779,2747.98199407174
"r_id[291,Intercept]",0.372435497198912,0.369158695,0.286908164879389,0.28674514407,-0.08778574205,0.8430133205,0.999936512636917,8405.13673636982,2632.99163641774
"r_id[292,Intercept]",0.9018363392862,0.899262995,0.429501308022376,0.435137770053,0.2044295255,1.610415105,1.00040461645499,9153.36962523398,2918.58488735078
"r_id[293,Intercept]",-0.97483392246475,-0.971094435,0.281816561247505,0.276118875438,-1.44628585,-0.5189187725,1.00117525455324,7349.28683019486,3240.65905144105
"r_id[294,Intercept]",0.015038345384565,0.0109429715,0.428108701262053,0.434551312797,-0.69013393,0.7215227745,1.00305833454008,9348.59908287582,2809.30782268726
"r_id[295,Intercept]",0.374728046594408,0.37642207,0.280402371216342,0.280908007023,-0.0949363651,0.840664712,1.00211499527058,7854.96792190354,3258.75537765375
"r_id[296,Intercept]",-0.54436319281771,-0.54364591,0.43542269030155,0.44240539371,-1.278272355,0.174264348499999,0.999833419752705,8563.59347849448,3039.51370853682
"r_id[297,Intercept]",-0.9713367490005,-0.97061988,0.281169083028933,0.283707111345,-1.431930955,-0.526062307,1.00075910523455,8403.35917867533,2980.13896733166
"r_id[298,Intercept]",-0.037283958297099,-0.0357078745,0.439713518118558,0.443790772215,-0.7563403275,0.6872829445,1.00225829712653,8805.6798178377,2871.9403285902
"r_id[299,Intercept]",-0.326115244816618,-0.331460935,0.284432784160193,0.295025969154,-0.791328245,0.1477479645,1.00020487191695,7547.07679641586,3325.54613792691
"r_id[300,Intercept]",0.0936322429429875,0.0938366065,0.423902367481252,0.4133867285541,-0.612092982,0.7845717585,1.00267270105884,11701.2132437186,3007.518844684
"r_id[1,stress_w]",0.68559327753297,0.686514,0.274419117056219,0.275156156541,0.233672436,1.139536845,1.00022775283953,8523.60564393846,2980.1000027876
"r_id[2,stress_w]",0.349059713771645,0.342062095,0.395791945383111,0.3923586250542,-0.3067496295,1.00595165,1.00058286835289,10646.3552539026,2957.80861210627
"r_id[3,stress_w]",0.166333261806693,0.166375375,0.273403630721691,0.2783313290247,-0.2880193705,0.606522367,0.999612898073309,9468.47180374936,3199.27809950044
"r_id[4,stress_w]",-0.662584612139575,-0.66868542,0.403271753126962,0.400021314168,-1.32846153,5.45470190496213e-05,1.00279358008566,9273.92190118958,2815.85917439831
"r_id[5,stress_w]",0.342004594529162,0.34280625,0.267786461013634,0.273672066528,-0.0952704522,0.7828391835,1.00334617179412,8556.68118975557,2648.95359452184
"r_id[6,stress_w]",0.495013509434298,0.492704405,0.396007294676968,0.390202447257,-0.1488192425,1.159792895,1.0021498168908,10013.9455088632,2553.29219341835
"r_id[7,stress_w]",0.674324910831975,0.67503573,0.278898779269379,0.284310744522,0.222737277,1.137732295,1.00065796783716,7938.48560893825,3240.35073884744
"r_id[8,stress_w]",0.29524298083805,0.290640765,0.39480667333499,0.393526251132,-0.349786787,0.955702985,1.00249507264528,8474.33686525757,2598.49489163514
"r_id[9,stress_w]",-0.458010929449526,-0.46343826,0.2714996618312,0.26713812972,-0.908698294,-0.0129703833500001,1.00144549074733,9625.36988546293,2655.17537394535
"r_id[10,stress_w]",0.217905218569427,0.213171075,0.416115871633138,0.4218152739717,-0.461445585,0.906619441,1.00090527636367,9569.60663510884,2844.45022541523
"r_id[11,stress_w]",-0.197405385070579,-0.19678828,0.27428693875132,0.27843856451901,-0.646774217,0.2545954905,1.00352064459775,9651.52570534295,3073.96328163588
"r_id[12,stress_w]",0.61852962954785,0.62774437,0.404466931035405,0.411749087883,-0.0519629783,1.27273443,1.00103959936386,10051.802499691,2699.39799757904
"r_id[13,stress_w]",-0.0275101575139408,-0.029738554,0.268991026892583,0.264523179144,-0.4678395705,0.41858757,1.00204904812341,8159.96622158649,2889.90192143208
"r_id[14,stress_w]",-0.627449799049107,-0.627214155,0.409334725220589,0.408255363222,-1.29912152,0.0517350655999997,0.999416839679987,9437.42304271069,2137.74101145213
"r_id[15,stress_w]",0.140965245083909,0.14276937,0.274132873584942,0.2756255373228,-0.3164983205,0.5962481275,1.00157681633785,11191.1474036947,3237.04448456898
"r_id[16,stress_w]",0.221523314248816,0.22279825,0.396722993963502,0.3948657379779,-0.425405933,0.87119292,0.999581641186549,10511.7840613316,3082.98820707988
"r_id[17,stress_w]",-0.372237759695188,-0.376124295,0.279162847123828,0.283654775565,-0.8204335095,0.0933282528499999,1.00076552518235,8571.07651037338,3069.50757485007
"r_id[18,stress_w]",-0.20895909983379,-0.2041443,0.396868079741948,0.4003687896474,-0.860149518,0.435737315,1.00338217739468,9870.07161420222,2949.04155313471
"r_id[19,stress_w]",0.05046522344876,0.046776058,0.271754907436946,0.260208049605,-0.382802288,0.50125455,1.00274425251777,8410.15251430038,3008.77396730505
"r_id[20,stress_w]",-0.72037242965861,-0.71758088,0.409576295581273,0.401130365685,-1.421000865,-0.0355735775500001,1.00125217634337,9650.7627943858,2717.66689945958
"r_id[21,stress_w]",0.196939047927133,0.198218895,0.277688141731076,0.2836788329739,-0.2514765895,0.6574050265,1.00014102009092,8411.65325150751,2925.80024236464
"r_id[22,stress_w]",0.231600308983062,0.228078975,0.409966325185947,0.402285778104,-0.456861035,0.90794733,1.00062369069529,8586.74569982766,2718.20535120177
"r_id[23,stress_w]",-0.00384236135158125,-0.00016041603,0.281399545205159,0.279021162834078,-0.4696372005,0.4606704845,1.00203165961338,10085.3445703663,2507.67367594056
"r_id[24,stress_w]",-0.467694932604402,-0.46698276,0.394862522589245,0.401920813875,-1.108622735,0.1754119595,1.00078315164585,8344.27765838199,2804.17241869763
"r_id[25,stress_w]",-0.657171325552502,-0.65258609,0.279401104973681,0.276704583981,-1.125217355,-0.199838943,1.00020711693289,8957.85774617138,2768.56340149568
"r_id[26,stress_w]",-0.403928158760067,-0.40608158,0.406379532832673,0.401355135258,-1.07590741,0.263243469,1.00165487254777,10096.8994241097,2413.49473896095
"r_id[27,stress_w]",0.409154424649117,0.40369333,0.274425555596949,0.271102646598,-0.03985186465,0.861194179,1.00213687418872,9006.60396200995,2892.41056220466
"r_id[28,stress_w]",0.0973231394887805,0.094659845,0.4054510555455,0.391400254623,-0.5717846645,0.7671601535,1.00356075739629,9030.80300950526,2595.72545215108
"r_id[29,stress_w]",-0.085807290761885,-0.0861772635,0.273861355729617,0.2736406821099,-0.5401342155,0.360088002,1.00089957019535,9329.43615561698,2487.78133265696
"r_id[30,stress_w]",-0.10111230784495,-0.10646029,0.411372536911074,0.408129371874,-0.772281674,0.5681704035,0.999448430527726,11092.7435005837,2788.55937120359
"r_id[31,stress_w]",0.473966055971055,0.47330579,0.27506872620549,0.279304908708,0.02248595265,0.938869938,0.999901902867999,8645.37255416499,3161.6461685155
"r_id[32,stress_w]",-0.338153178350705,-0.33519065,0.410885410941398,0.407179566423,-1.023409005,0.335786533,1.0009312700866,9762.62454059766,2321.01633874975
"r_id[33,stress_w]",1.088463067245,1.0889469,0.273105493993833,0.27398314566,0.6428251695,1.534522305,1.00196723025662,9221.51441321397,3181.43170210065
"r_id[34,stress_w]",0.44677680218106,0.448583005,0.407058992398479,0.419033672484,-0.219551142,1.12344514,1.00325706290165,9958.76052817909,2880.76945116344
"r_id[35,stress_w]",0.200198969138488,0.203820725,0.276071587914301,0.2706412718562,-0.2554781205,0.6489367865,0.999926147757856,9826.59573628564,2816.89065285886
"r_id[36,stress_w]",0.224236698196365,0.2179032,0.409391979970189,0.4111358074278,-0.4572422025,0.9103734855,1.00108799887208,11208.0014774468,2656.88003366289
"r_id[37,stress_w]",0.389508392864322,0.39193502,0.270262544505651,0.271888906443,-0.0574337583,0.838819876,1.0005719933212,9944.19017391334,3299.65876542198
"r_id[38,stress_w]",-0.60132883578765,-0.59983838,0.399285647766133,0.398959179528,-1.24611803,0.0519482192499999,1.00346233885373,8391.99796539588,2888.45264691866
"r_id[39,stress_w]",0.037332053050875,0.0417279685,0.271746825081982,0.2733484053111,-0.409746095,0.482682997,1.00139701230616,9125.17455863213,3104.19816790992
"r_id[40,stress_w]",0.462808496982782,0.457985355,0.392157502960474,0.391777279803,-0.1786477195,1.10492042,1.0009448573471,10278.7746527134,3077.03670022299
"r_id[41,stress_w]",-0.81442854995795,-0.816475155,0.274405503442259,0.270873621963,-1.25674235,-0.366145928,0.999893664053102,7818.814402219,2921.98642283524
"r_id[42,stress_w]",0.285115785426052,0.285937435,0.405386819093169,0.42075713671782,-0.3830183305,0.9475050985,1.00014961394175,9577.98133970266,2708.36979582872
"r_id[43,stress_w]",-0.0889266212803687,-0.0867011485,0.2667554054465,0.2692170714702,-0.5174181705,0.3377239725,1.00036711974451,8107.82715355224,3233.5260338069
"r_id[44,stress_w]",-0.110141612591305,-0.109481585,0.41393835490312,0.425097247029,-0.798905279,0.5748689335,1.00026306004644,7220.27406519688,2750.07185709593
"r_id[45,stress_w]",0.266264504140935,0.26264778,0.268121381269832,0.2729521174506,-0.171240044,0.6966835125,1.00499519548881,9156.04462234126,2654.79960470478
"r_id[46,stress_w]",-0.17246236528757,-0.17554793,0.384824989083847,0.3822682066098,-0.798718302,0.4567919245,1.00248192996474,7895.68769815452,2962.72556777336
"r_id[47,stress_w]",-0.630296865734875,-0.63029201,0.277927038532465,0.279510789957,-1.089218495,-0.165185047,1.00003499326049,9165.65441540798,2576.09534759417
"r_id[48,stress_w]",0.351258428834181,0.359502975,0.391074227553408,0.387269234352,-0.2887599745,1.00472466,1.00171330621052,11149.0860722376,2808.74355973838
"r_id[49,stress_w]",-0.30092172568539,-0.303043765,0.280105775571258,0.282857737218,-0.76905354,0.1567751585,1.00221829580377,9902.51841988569,2882.77454479506
"r_id[50,stress_w]",-0.226185283424805,-0.228841545,0.41549467600311,0.3995522595582,-0.9011096745,0.446547653,1.00182850480143,9620.72678825165,2441.82366234706
"r_id[51,stress_w]",-0.189237588572892,-0.192540985,0.269345687907418,0.27174914663358,-0.627226483,0.2519847565,0.999826566362131,11011.2816268384,3236.64756541371
"r_id[52,stress_w]",-0.496240031126875,-0.49482256,0.397744785062844,0.402035329899,-1.15168636,0.158920914499999,1.00112446948381,9758.98592551329,2934.41236032349
"r_id[53,stress_w]",-0.122770959421971,-0.125619525,0.279559771590035,0.2767858912476,-0.5809092855,0.344914192,1.00164140988533,9808.45526734517,2793.28890551209
"r_id[54,stress_w]",-0.0268716684789325,-0.029762796,0.398287341148858,0.403241150718,-0.6690914335,0.6467769075,1.00284221013753,10803.0393886347,2558.29999043582
"r_id[55,stress_w]",-0.249538623822371,-0.25101868,0.270838212017158,0.2768398400964,-0.691734759,0.1930719175,1.00164011516804,8797.11127754075,3323.15799242237
"r_id[56,stress_w]",0.534369629129698,0.53810717,0.392557985751512,0.392876598051,-0.09709818715,1.16119545,1.00071502174532,10242.3116145208,2437.31398891079
"r_id[57,stress_w]",-0.18643168868995,-0.187318335,0.274039979048085,0.27987129496998,-0.6317416905,0.2638269365,0.999692682103826,9941.91323132826,2901.24516141818
"r_id[58,stress_w]",-0.38426135950483,-0.383283035,0.410055099572373,0.400739344761,-1.068490155,0.298002732999999,1.00287500407886,11026.2592760737,2551.35018297301
"r_id[59,stress_w]",0.143672570083965,0.14005582,0.280435528124704,0.2746077880203,-0.317103329,0.6079485685,0.999892004852305,9091.75527281239,2855.70519618631
"r_id[60,stress_w]",-0.15331239510837,-0.149299275,0.387203276848723,0.38805305532,-0.79926087,0.483625252,1.0022565101485,10362.1908274969,3036.38652167208
"r_id[61,stress_w]",0.212399888670557,0.21080488,0.272062890218136,0.2728969543524,-0.2383109405,0.660847957,1.00054881650711,8912.81924026256,2898.251695235
"r_id[62,stress_w]",-0.292784201505743,-0.295328795,0.404441268962086,0.399929392968,-0.959160249,0.3815093865,1.00140460564985,9227.51853928085,2713.79925162675
"r_id[63,stress_w]",-0.124668395291445,-0.127847705,0.283163663745637,0.288633049845,-0.5837173185,0.3483523215,1.00106465001572,8726.47639666791,2775.70594308267
"r_id[64,stress_w]",0.301181828185871,0.295356355,0.409249253005011,0.4015861287858,-0.3731844945,0.985513338,1.00284666334482,10004.8439703583,3119.84831227662
"r_id[65,stress_w]",-0.512800947219837,-0.508230075,0.279827303197148,0.279209510811,-0.9771724635,-0.0539219351500003,1.0070761425062,10190.8394934934,2713.26112209957
"r_id[66,stress_w]",0.498211430129217,0.50399567,0.394650274104782,0.395735488218,-0.1525219545,1.140383775,1.00048305238685,8666.6035809299,2983.78211072585
"r_id[67,stress_w]",0.198592398950235,0.19853388,0.27038574483754,0.262255342293,-0.2474657615,0.6487411975,1.00216966282414,8475.65066115244,3451.54119361944
"r_id[68,stress_w]",-0.179154552731033,-0.186129925,0.395670553946164,0.3962124072795,-0.813429083,0.4780677435,0.999646502533256,9644.06354028363,2718.1916378567
"r_id[69,stress_w]",-0.0959620761127637,-0.0882976875,0.275606035966243,0.2689014711495,-0.557551475,0.347226957499999,1.00403899094207,9383.46937260588,2419.25814449319
"r_id[70,stress_w]",-0.6620023327292,-0.662136675,0.412432299723694,0.41536462296,-1.326447565,0.0211214247499996,1.00481521222487,9458.23870454643,2807.05381542402
"r_id[71,stress_w]",0.117371046697124,0.11579952,0.265172896092728,0.2651923906842,-0.3186986635,0.5466030495,1.00068469525026,10651.9023069454,3158.38119896916
"r_id[72,stress_w]",-1.20067748042075,-1.2037457,0.404836249705284,0.403287845205,-1.8756126,-0.533160260500001,1.00035915280417,9574.78345613074,2716.48488850692
"r_id[73,stress_w]",0.379204229848835,0.37829851,0.276494378272865,0.280943856291,-0.07398167735,0.840358373,1.00018379332165,9967.81089542452,3252.02076089598
"r_id[74,stress_w]",0.00896716844842901,0.008253892,0.396821119114146,0.388417723029,-0.6360900765,0.6713339795,1.00301165177294,9935.8079870375,2956.91690143682
"r_id[75,stress_w]",0.681655355103775,0.677649475,0.271869643161528,0.270132277485,0.2280667785,1.12579785,1.00278551974254,8803.9641262909,2620.66470105021
"r_id[76,stress_w]",0.214987435894245,0.207116095,0.396534568123185,0.396454964346,-0.4344261705,0.875744493,1.00459288468671,7838.11877092062,3164.62946762259
"r_id[77,stress_w]",0.24938531570525,0.250688255,0.27073229077338,0.2683169679603,-0.203789722,0.692734928999999,1.00012566749728,8029.6371422302,2940.60606807478
"r_id[78,stress_w]",0.346322923689223,0.34512613,0.398665618640745,0.4036153026192,-0.3169595765,0.998202544,1.00334641056668,10140.1540666274,2543.38558468606
"r_id[79,stress_w]",-0.7135699870836,-0.715143695,0.278356928023094,0.276256327284,-1.17269231,-0.2549989145,1.0004843626995,7956.80401789247,3081.32346543105
"r_id[80,stress_w]",0.42406511802953,0.43393759,0.405921976845205,0.400075147374,-0.256001071,1.08133703,1.00090975866954,9570.32880585505,2622.23629602798
"r_id[81,stress_w]",0.254920880717187,0.25728444,0.2745952827081,0.2745510348336,-0.188380842,0.707426426,1.00137436421412,8985.43772806908,2960.99631909574
"r_id[82,stress_w]",-0.522911815544883,-0.521263015,0.397569875712586,0.399598602669,-1.179862385,0.1413917235,1.00230471706773,10175.9640359489,3207.9901332461
"r_id[83,stress_w]",0.31855988781984,0.31664377,0.269491151196497,0.267712726176,-0.1283323605,0.761367353,1.00207278069446,8772.5943018295,2935.97900977953
"r_id[84,stress_w]",0.06426929126628,0.0721085425,0.404599188057509,0.399744683247,-0.607141696,0.730271307,1.00124662989542,12135.1608880169,2798.92615811696
"r_id[85,stress_w]",-0.456874971787585,-0.454465705,0.279118688382384,0.270345386409,-0.9154248445,0.00221793827499979,1.0001359562661,9357.28683208676,2681.00410560853
"r_id[86,stress_w]",0.216775286633468,0.207352105,0.399596537478686,0.407510601351,-0.443876612,0.863842713,1.00077227435493,11053.9627007929,3030.39219217405
"r_id[87,stress_w]",1.00668816665525,1.0057581,0.27755767971106,0.273585638361,0.546304439,1.468700135,1.00346148119213,8389.46635948969,2894.70155955011
"r_id[88,stress_w]",0.316413975994098,0.307707205,0.388564727851566,0.3952454718681,-0.317719452,0.960631379999999,1.00040901688152,8922.16494558274,2768.02180844969
"r_id[89,stress_w]",0.240809520652544,0.243908545,0.271339580422633,0.2688171364137,-0.21846221,0.684945889,1.00222301544585,8980.79970685548,3060.18021925136
"r_id[90,stress_w]",-0.144327075466541,-0.148644365,0.394278505444378,0.396990783399,-0.784175532,0.4980026505,1.00256130904431,10688.8565022277,3075.96489541049
"r_id[91,stress_w]",-0.14999242617938,-0.15078404,0.26777880004927,0.2622408750822,-0.593881763,0.2860235035,1.00405605075328,10169.7186928725,3125.59107567909
"r_id[92,stress_w]",0.322329481132228,0.31546327,0.40003911167363,0.3985575165012,-0.3334267865,0.9979163365,1.00126075295919,9084.28059513285,3269.63724758074
"r_id[93,stress_w]",0.192948039029332,0.19144228,0.274894868285769,0.27224736020475,-0.2609710315,0.635748352,1.00007339538797,8723.06379675494,2682.72667312935
"r_id[94,stress_w]",-0.229327663859617,-0.228084965,0.412894803107254,0.4149606040818,-0.9182429505,0.4462820875,1.00137500385837,8351.24329721515,2880.93790705629
"r_id[95,stress_w]",0.87701460026735,0.87974658,0.28043435794454,0.283058466432,0.4250938165,1.334343765,1.00071525257108,9440.89557085585,2538.73864003788
"r_id[96,stress_w]",0.110519092104162,0.1118455,0.408525458634118,0.412315915515,-0.5479872205,0.792246887,0.999577642538255,10275.8893409481,2904.73003814593
"r_id[97,stress_w]",1.2057343941525,1.20645,0.279118486045782,0.28406616,0.743813643,1.668431905,1.00403804718097,10440.3380919121,2445.55542014879
"r_id[98,stress_w]",0.149167761945438,0.15218986,0.397392516459952,0.401869278699,-0.4959975575,0.796604048,1.00300287521588,8857.20570267597,3011.91074959635
"r_id[99,stress_w]",-0.216852396213872,-0.215221945,0.274390019138036,0.276853778019,-0.6570495365,0.237788174,1.00336777541913,8626.16051459871,3166.50857603287
"r_id[100,stress_w]",-0.257524266403521,-0.26617235,0.398950866656326,0.39600860975067,-0.907345556,0.403810273499999,1.00034569434081,11193.593950865,2527.66720559247
"r_id[101,stress_w]",-0.765978666131475,-0.770286835,0.275638821333322,0.271270439853,-1.22018033,-0.311266467,1.00214233587647,8114.79700102877,2728.99783621619
"r_id[102,stress_w]",0.170071682595449,0.17649401,0.391675620365146,0.4056849922041,-0.4771066205,0.799432876499999,1.0005948858926,9325.36031553495,3172.43370178171
"r_id[103,stress_w]",-0.703020255820325,-0.69866047,0.271778118687491,0.273556142034,-1.15436425,-0.26676703,1.00160622545364,8539.91447159113,2809.94154526943
"r_id[104,stress_w]",0.5993690990819,0.59672224,0.398617082437092,0.383203418829,-0.0532656658,1.267921615,1.00088052555297,11176.1339665698,2660.031812436
"r_id[105,stress_w]",-0.38403281011687,-0.383482805,0.282978030600647,0.28560665553,-0.8467994115,0.0804274216999998,1.00343261416996,8618.6892925103,2715.22687809446
"r_id[106,stress_w]",-0.002691987214419,-0.000448645395,0.404277951319526,0.418181036637,-0.6668571205,0.6600823925,1.00322078209497,9867.51195581366,2778.57507757933
"r_id[107,stress_w]",-0.659548247691793,-0.661163285,0.27793166072554,0.281449704585,-1.10678253,-0.209877683,1.00045784286664,9773.09930534447,3104.13807696761
"r_id[108,stress_w]",0.315035461305147,0.3220377,0.394553805034397,0.3867671177622,-0.3317391855,0.9756971815,1.00149913174848,8558.03279587255,3107.71011407302
"r_id[109,stress_w]",-0.474374953661825,-0.47098495,0.275410069917745,0.272721719928,-0.934239782,-0.0222320332,1.00090744090596,10535.1096512849,3273.95474837201
"r_id[110,stress_w]",-0.344582847478799,-0.347844715,0.386087720916163,0.4028147764557,-0.965628887,0.2874835515,0.999701357217592,10850.8453676585,2713.76561630081
"r_id[111,stress_w]",-0.174872603103235,-0.178682545,0.272125467011327,0.26853320554095,-0.6187287825,0.261820289999999,1.00050490931373,9602.67261764522,2685.46358579091
"r_id[112,stress_w]",0.988614351154175,0.98963893,0.405471976319839,0.400655778012,0.3126244295,1.679231925,1.00078667100249,8132.85696544004,2768.98649165026
"r_id[113,stress_w]",-0.508889854066815,-0.507359365,0.269948824369835,0.270665724378,-0.9486936035,-0.0576331803000001,1.00008597528251,8620.39862034457,3135.97342656735
"r_id[114,stress_w]",-0.077507300597764,-0.080189349,0.387085448262267,0.3783552412164,-0.7098860795,0.576199820499999,1.00041414893437,10215.9274769658,2777.65701807046
"r_id[115,stress_w]",0.175874117683208,0.176167295,0.269946065858853,0.265474608042,-0.265175554,0.6179514965,1.00265856110511,7618.19365268234,2524.9458861469
"r_id[116,stress_w]",-0.868499555166278,-0.8628534,0.39195938986816,0.40393800237,-1.51614142,-0.219541812000001,1.00072952991414,9922.26639579265,2714.3821749643
"r_id[117,stress_w]",-0.237654019422312,-0.238892805,0.26932578733466,0.2694827696988,-0.6750215105,0.2186791695,1.00055731500407,8436.19391984354,2882.01794455725
"r_id[118,stress_w]",0.09985586745868,0.094743109,0.413406399963283,0.3976481993736,-0.5777191,0.788233422499999,1.00125643069682,11378.4405921944,2818.02333598887
"r_id[119,stress_w]",0.292547416346773,0.292217775,0.274591809368659,0.282137586507,-0.1535709145,0.738142678,1.00055348257074,9419.90548735125,3135.18966149447
"r_id[120,stress_w]",0.564653169283849,0.565120365,0.419999908670886,0.424063785873,-0.1333397865,1.239593245,1.0013752280867,9354.48026966334,2658.01247757176
"r_id[121,stress_w]",0.347158347769102,0.344941635,0.276043295454127,0.277240432686,-0.0992519727,0.8036632355,1.00097371714298,9584.22472714339,3023.59986806776
"r_id[122,stress_w]",-0.332317393557497,-0.32964278,0.406801486098994,0.396022882815,-1.013031115,0.335944168,1.00239788266608,10723.9651168764,2773.8202232492
"r_id[123,stress_w]",-1.555222028435,-1.56016205,0.279573729399507,0.28040510169,-2.010504455,-1.096470315,1.00042172192041,7788.07922089639,2845.46112140535
"r_id[124,stress_w]",0.496906336896318,0.49294509,0.411996627779904,0.412938904035,-0.1709291875,1.182129895,1.00018885638621,11372.0579395324,2871.8522080758
"r_id[125,stress_w]",-0.58371780551185,-0.587564245,0.284450910553223,0.285104150499,-1.050355145,-0.109615281,0.999546354402889,9001.47042672357,2937.1020058364
"r_id[126,stress_w]",0.62912353085539,0.61800662,0.407875419538495,0.416967565602,-0.0384893864,1.307561345,1.00208537807369,9836.89459015028,2975.80418633569
"r_id[127,stress_w]",-0.021601626936691,-0.023162888,0.274910710707389,0.274240799301,-0.479021846,0.437575651,1.00156589859105,9971.92278714089,2944.4017323419
"r_id[128,stress_w]",-0.450281427189921,-0.44897993,0.391438740629318,0.387322645017,-1.11389367,0.1881677665,1.0008339455545,9697.1654377307,3152.51262233191
"r_id[129,stress_w]",-0.42975668811163,-0.427661985,0.28013121499616,0.281475494412,-0.886259793,0.0368953195999995,1.00278553438287,9798.51888209029,2966.85874237315
"r_id[130,stress_w]",-0.255300741752707,-0.242562635,0.405760508708308,0.3951414289305,-0.9175839125,0.414585351,1.00106770665167,9836.40541660352,3124.13970608062
"r_id[131,stress_w]",-0.153350547604649,-0.154271975,0.270006174955732,0.2743842831051,-0.594208761,0.298970578,1.00284035812833,8682.38801235819,3044.62102119533
"r_id[132,stress_w]",-0.239117707164333,-0.245307495,0.401681090733634,0.418523546889,-0.884642854,0.430241469,1.00109405140334,10428.1770675376,2961.44060727569
"r_id[133,stress_w]",-0.0646951847000597,-0.0649327175,0.272642097244456,0.2734765078815,-0.5141538805,0.385992245,1.0013566867185,9817.55100153711,3008.67387190432
"r_id[134,stress_w]",-0.551861840158787,-0.551639725,0.402555220058592,0.391795782651,-1.210412495,0.112683841,1.00123610406043,10766.7185238766,2906.74024135099
"r_id[135,stress_w]",0.365568909182705,0.364467245,0.281003442174391,0.280428148707,-0.09698114925,0.821349396,1.00098165120172,10622.5273525839,2656.91544549168
"r_id[136,stress_w]",0.482996142095048,0.483365785,0.400885200125989,0.399500158029,-0.17366714,1.141246265,1.0006682261637,9680.18064486487,2898.21344965244
"r_id[137,stress_w]",0.57901174656745,0.575649535,0.279421615395638,0.277995424497,0.1280764185,1.03944359,1.00029829721326,9522.31897279365,2802.48629403706
"r_id[138,stress_w]",-0.467104564594975,-0.47029107,0.412906481706201,0.403153870056,-1.153790915,0.216344313,1.00098422640874,11829.4168676355,2996.2279866864
"r_id[139,stress_w]",0.470679919118267,0.4723617,0.27373198599044,0.267403025862,0.01879456805,0.912308636,1.00027258790533,8655.15572760061,2912.63857627105
"r_id[140,stress_w]",-0.183940080008837,-0.18605676,0.402340147163618,0.399777026166,-0.8352089335,0.4738944595,0.999832738529201,10858.6681079541,2786.4299449522
"r_id[141,stress_w]",0.383363731918308,0.37888108,0.274139418854279,0.278274939075,-0.0739293141,0.8301424945,1.00075720965165,9354.3477466897,3002.77901970777
"r_id[142,stress_w]",0.282426757344438,0.28151443,0.40019508488944,0.3992352478023,-0.3789525305,0.94120606,1.00045503386341,10672.2045148571,2846.91823682163
"r_id[143,stress_w]",0.30193881555657,0.30543575,0.2703967199928,0.269739596049,-0.1392251085,0.746045723,1.00046169825731,9683.50665045845,2934.14930153176
"r_id[144,stress_w]",0.37311892412094,0.366118575,0.416967785017583,0.416430352905,-0.3146994675,1.052109665,1.00040181125709,9405.90294951436,2873.7062084039
"r_id[145,stress_w]",0.74420026314465,0.743646415,0.271404903252972,0.274282149015,0.3040524805,1.192420615,1.00331215362418,9136.56013408923,2916.16390072085
"r_id[146,stress_w]",0.285578600540073,0.280510695,0.425066617650812,0.42664593006924,-0.4066855995,0.987502102,1.00068706334204,10574.3074636783,2877.46229967287
"r_id[147,stress_w]",-1.0708874979075,-1.0749044,0.27521010389852,0.270391169097,-1.524480815,-0.6116549845,1.00192304566305,9240.34379865103,2592.43776870966
"r_id[148,stress_w]",-0.44827157266054,-0.443875785,0.404609092326475,0.409804761765,-1.11034706,0.212198891,1.00061888058984,9110.65649325229,2526.53368158347
"r_id[149,stress_w]",-0.5244966846704,-0.5236352,0.267024548764938,0.26490607542,-0.970425305,-0.0930502111000001,1.00208532446689,8765.78620291007,2996.72753538031
"r_id[150,stress_w]",-0.0211020931583775,-0.0109104955,0.389138036179408,0.379783965015,-0.679180148,0.617102824,0.999735612825491,9029.48238440153,2802.53415661355
"r_id[151,stress_w]",0.0703331912772993,0.0696521165,0.274125465096189,0.2677769398059,-0.3791881635,0.534150562,1.00025772095474,11025.7915849182,2949.44276186521
"r_id[152,stress_w]",-0.231907071763818,-0.232611665,0.402181665901676,0.392565911808,-0.903772921,0.437581418999999,1.00128902494518,10206.3608477949,2957.92849565404
"r_id[153,stress_w]",-0.523112835453731,-0.524879585,0.275350217732831,0.271266162552,-0.971747426,-0.06784401065,0.999979542629716,9215.60259219244,2770.8484409431
"r_id[154,stress_w]",-0.943323511517309,-0.944437415,0.40649982907864,0.41650303737,-1.60954796,-0.276719225,1.00182276768257,7634.03193557704,2412.73998283949
"r_id[155,stress_w]",0.6203958943751,0.617619045,0.271185061090812,0.275567978343,0.1726032295,1.07067619,1.00107183329531,9013.53431001531,3373.09986709813
"r_id[156,stress_w]",0.55729184018551,0.559671545,0.403793037860446,0.394326187962,-0.09901032075,1.221707485,0.999960709208456,9199.51755949132,3094.36165231832
"r_id[157,stress_w]",0.99899771688525,0.99685355,0.280154104770959,0.28335021246,0.5398585575,1.469687825,1.00085894878921,8797.78802485812,2746.26248832165
"r_id[158,stress_w]",-0.40464871821061,-0.40602091,0.391824466867253,0.394493121309,-1.029217205,0.248458626499999,0.999889037508441,11737.7555385242,3000.03679121811
"r_id[159,stress_w]",-0.842874537778325,-0.840743705,0.276696444177352,0.273277643037,-1.306360395,-0.385792277,1.00105794895289,8903.5328227202,3040.92075057953
"r_id[160,stress_w]",0.120637878657076,0.11954325,0.404384950334044,0.403581474135,-0.5498449905,0.7800744815,1.00152803905019,9850.69214574542,2630.83258205773
"r_id[161,stress_w]",-0.3173580845882,-0.320032655,0.279467764951741,0.276733175922,-0.7774165485,0.1395029815,1.00018923263508,9096.53356565775,2579.98341103558
"r_id[162,stress_w]",-0.155759805223948,-0.159041445,0.405398200983484,0.397359921147,-0.8359687445,0.4967239695,1.00065563290931,8042.75515769675,2630.465614826
"r_id[163,stress_w]",0.0586687886116897,0.057611002,0.274537269182416,0.2679776845872,-0.3861237465,0.5095860855,0.999967912991327,9587.24853574075,2894.51090339127
"r_id[164,stress_w]",0.432689934429647,0.426656825,0.39470316958758,0.409495283841,-0.187904968,1.084200565,1.00139897764002,10708.9657101346,2552.86228325916
"r_id[165,stress_w]",-0.394985956764092,-0.39620405,0.277698356671391,0.266092125768,-0.8597546095,0.06950581845,1.0001635343685,9138.57711357013,2859.65256299295
"r_id[166,stress_w]",-0.122099513333513,-0.12313691,0.406157436024546,0.417695247921,-0.7857046585,0.549528984,0.999536059784591,10560.5349154444,3050.70079470404
"r_id[167,stress_w]",0.30937425987252,0.31106888,0.27855615238602,0.28894969614,-0.13439218,0.754768512,1.00020716010967,8195.91336534188,3083.22482872721
"r_id[168,stress_w]",-0.32258083197428,-0.32823647,0.406170721670916,0.4056834050808,-0.982662775,0.3690529415,1.00315978303038,9426.15627789823,2144.57531825501
"r_id[169,stress_w]",0.756430590815175,0.755235045,0.28062672299942,0.281099899941,0.286976889,1.224287475,1.00161054661054,9682.09579653931,2810.77448834207
"r_id[170,stress_w]",0.624519402502168,0.62182198,0.407412614942299,0.413159930043,-0.0388495511,1.290796965,1.00111270011449,10068.8070155284,2905.83763909611
"r_id[171,stress_w]",-0.315703808832044,-0.32127768,0.27604590127884,0.274083213747,-0.7728175085,0.14625095,1.0002355869749,9061.19979710437,3251.15094002581
"r_id[172,stress_w]",0.193350464985048,0.19041543,0.405599386542059,0.4104490589535,-0.469236537,0.863974154999999,1.00114097858217,10351.269217708,2541.47657240281
"r_id[173,stress_w]",0.335624050344632,0.33163614,0.281366157291084,0.282770975466,-0.121169541,0.809522896,1.00094007795378,7355.72565075314,3201.14280803882
"r_id[174,stress_w]",0.80551029319405,0.802781005,0.417683715093557,0.413362127031,0.127965469,1.49410948,1.00316601893739,10341.2911639629,3150.56147580482
"r_id[175,stress_w]",-0.11820885718534,-0.11667653,0.272219496572902,0.277649860089,-0.5639032885,0.328498601,1.0031540657275,8071.02866926744,2869.05700639034
"r_id[176,stress_w]",-0.422275952620563,-0.418780615,0.399183714131571,0.39160351167,-1.08135166,0.233174663,0.999961287839272,9563.24045630837,2774.4140639854
"r_id[177,stress_w]",-0.7099627979232,-0.707183015,0.283774917466627,0.288573812562,-1.170495545,-0.238381402,1.00158720489727,9304.35385123496,2936.23308737387
"r_id[178,stress_w]",0.031324529348765,0.030923088,0.395324600213075,0.3909962579838,-0.6366762055,0.6935463605,1.00258239579607,9437.10872965324,2993.56167080956
"r_id[179,stress_w]",0.248022857248028,0.24562851,0.268566024070638,0.267919511811,-0.187599158,0.68595405,1.00061196298418,8542.30726336509,2832.80882547985
"r_id[180,stress_w]",0.315536343172942,0.304923675,0.404877502182397,0.414836194668,-0.3413990445,0.9719325085,1.00023969111724,10941.321019409,2856.73761125455
"r_id[181,stress_w]",-0.0132539684428065,-0.00768712255,0.277158793570707,0.27752353893663,-0.4650571145,0.4408824965,1.00274531445933,10869.3223167372,2597.14804500737
"r_id[182,stress_w]",0.353510309668362,0.347719945,0.402514009589042,0.397118524215,-0.318431411,1.025171785,1.00360781025013,9418.06108802496,2987.72906865228
"r_id[183,stress_w]",0.137322906203306,0.140271775,0.276940859038602,0.2696313699555,-0.3250565135,0.595761024,1.00030570903806,9491.17197063175,3366.97713632644
"r_id[184,stress_w]",0.321398651567173,0.321825175,0.401271750024419,0.395228965341,-0.3290517295,0.978718775,1.00120242999449,10491.877259593,2591.79143083541
"r_id[185,stress_w]",0.0393810284175505,0.0359427065,0.27116332465213,0.2700386713101,-0.410328563,0.4898172735,0.999958934543858,9432.13428894731,2780.35115903997
"r_id[186,stress_w]",-0.059440327238324,-0.061878127,0.412439537361066,0.4246148430888,-0.7292324575,0.632739185,1.00227469522578,10769.3096704927,2860.913017869
"r_id[187,stress_w]",0.068456374132625,0.066993159,0.269924042708482,0.2711634050286,-0.3771746365,0.515907369,1.00227464735327,10570.1389322515,2975.24423910561
"r_id[188,stress_w]",-0.264682688440822,-0.26217933,0.401431557789297,0.4093021670367,-0.9185826095,0.398692115,1.00128171872779,11704.0758550626,2941.60308027513
"r_id[189,stress_w]",-0.33302726982468,-0.328305575,0.271792795954934,0.269301561879,-0.791236902,0.1128199545,1.00283281102349,9243.98060004512,2900.48519280455
"r_id[190,stress_w]",-0.206079742126045,-0.211216145,0.39641887375901,0.4031480471445,-0.84510874,0.44662004,1.00026557261888,10496.8280764192,2926.87004284194
"r_id[191,stress_w]",-1.8533292346325,-1.85630445,0.280685477938147,0.27088251015,-2.3184929,-1.390070085,0.999899440369849,7672.11713029818,3276.45908948634
"r_id[192,stress_w]",-0.0839412138044623,-0.090233142,0.376077584869948,0.376484757474,-0.69049567,0.524089686,1.00179686481375,9186.79090176713,2699.20626589837
"r_id[193,stress_w]",0.495829222238345,0.49534386,0.274155019261989,0.272183877126,0.03940669895,0.959090219,0.999389220112867,10170.0529075997,2963.29632174646
"r_id[194,stress_w]",0.61433448104828,0.612132705,0.406242609989515,0.400418354448,-0.0509007858,1.28168505,1.00237270442887,10140.6456288056,2817.94466726379
"r_id[195,stress_w]",-0.8202299489745,-0.817508955,0.271746225211145,0.268505687373,-1.26394511,-0.3708606085,1.00148603412874,7514.840561542,2627.8502992617
"r_id[196,stress_w]",-0.271078143346808,-0.266822505,0.413001936821515,0.40872139058499,-0.948613117,0.3992837355,1.00080726149991,10351.5685107666,2313.65181746424
"r_id[197,stress_w]",0.355655443832605,0.354769875,0.276197260067986,0.287592694599,-0.08424025915,0.799045679,1.00074703170609,10146.1851693461,3098.88101655114
"r_id[198,stress_w]",-0.0301551528618478,-0.0243060125,0.398761774823552,0.3952463006415,-0.690154271,0.6275279445,1.00123522381497,11324.855604647,2575.67431507987
"r_id[199,stress_w]",-0.171995167388613,-0.17411823,0.268072269567282,0.26227904625006,-0.619325751,0.267726181,1.00069849704177,8795.95522528866,2648.38699420859
"r_id[200,stress_w]",0.387402496062246,0.381633205,0.418281032339007,0.4182342093447,-0.2998968145,1.0877181,1.0037353234473,10706.7096931009,2644.90626282353
"r_id[201,stress_w]",0.16738787228067,0.16934014,0.271305117202684,0.2698084079628,-0.2784149475,0.617977443,1.00118141330744,8920.41258628414,3108.82723249937
"r_id[202,stress_w]",0.45955832590472,0.46177504,0.415036310958547,0.40359574416,-0.2278333425,1.160888195,1.00035707808373,9917.9214815887,2638.49036613582
"r_id[203,stress_w]",0.3057243530015,0.309390255,0.2815881658564,0.280113118446,-0.1652122885,0.7735168405,1.00187844233754,11787.8822458949,2876.59012414239
"r_id[204,stress_w]",0.453268697719892,0.45126904,0.404873918971272,0.410514630645,-0.206681552,1.11288109,1.00097045351464,9782.69353764877,2828.31813684177
"r_id[205,stress_w]",0.66699690767467,0.66537907,0.279416792126858,0.274560225471,0.203525858,1.144388225,1.00108867311669,9311.93707381703,3106.46811550494
"r_id[206,stress_w]",0.12193447109326,0.12182902,0.421704394379333,0.417754270227,-0.5667622745,0.8102196715,1.00232403525017,11142.0469407634,2993.35688567238
"r_id[207,stress_w]",-0.207649167377023,-0.212014735,0.265384982910879,0.2577319111605,-0.658029949,0.240508956,1.00212943192961,9197.01909956703,2693.48251341221
"r_id[208,stress_w]",0.202914675528696,0.20535829,0.388744113487217,0.380044472661,-0.4327733115,0.849713341499999,1.00050763105632,8960.43044957047,3083.79099204733
"r_id[209,stress_w]",-0.371480663679527,-0.37370455,0.275511110813752,0.275982772758,-0.8135335695,0.0840860770999998,1.00045215201906,8335.93102861558,2990.5121336552
"r_id[210,stress_w]",0.274533319899772,0.270259265,0.400777880013824,0.3955006117608,-0.391479152,0.944518905,0.999664825122578,9898.2182226675,3055.78092901583
"r_id[211,stress_w]",0.623387966011497,0.62228599,0.285156481530291,0.291787748364,0.1526203405,1.091976565,1.00065067434509,8487.74259649014,3094.23079320208
"r_id[212,stress_w]",0.16608704935532,0.166468365,0.405367509739916,0.401561831937,-0.5050084495,0.83580031,1.00108645771235,9784.7870281116,2778.51451577386
"r_id[213,stress_w]",0.00297490607333,-0.000530277305,0.276324944814202,0.279776323617,-0.4470778165,0.458085377,1.00090697684601,10571.3587140235,2941.28225007452
"r_id[214,stress_w]",0.2645294689392,0.261923505,0.394236838185472,0.395571483006,-0.3774697265,0.927047527,1.00190703266952,10382.86045022,3111.4537157385
"r_id[215,stress_w]",-0.23810854716958,-0.239089105,0.285103463442365,0.2832277393218,-0.697479506,0.2198567125,1.00189239385278,9036.24609630751,2129.07838205281
"r_id[216,stress_w]",-0.244160631480982,-0.243711565,0.401814204100296,0.4061484322077,-0.9102869365,0.4199386805,1.00255024006718,9283.97410193551,1950.78586027521
"r_id[217,stress_w]",0.20729409998642,0.20717354,0.281221876708235,0.2746434682719,-0.2656195795,0.6781956615,1.0021567865772,10704.4463866634,2953.24206539416
"r_id[218,stress_w]",0.673809076209968,0.676273125,0.396068317399878,0.394882600329,0.0237332396,1.33301056,1.00072513518024,10929.8243801472,3206.11062205617
"r_id[219,stress_w]",0.65546142029239,0.649426625,0.278667759566867,0.285153439536,0.202975149,1.102468885,1.00213311027904,9103.57406239578,2865.06060004531
"r_id[220,stress_w]",-0.122457982699988,-0.1145536,0.409386061945642,0.40461384558,-0.8070076305,0.567060471,1.00042793266251,10137.7255254358,3039.68585830475
"r_id[221,stress_w]",-0.173728802749587,-0.172907685,0.275786254297346,0.2787279171117,-0.628004722,0.2736112125,1.00109125944046,9004.17802343688,2973.88453983742
"r_id[222,stress_w]",-0.11530395094478,-0.113647165,0.418973063216817,0.417032829654,-0.7957672055,0.573960759,1.00134500488582,9810.72892811482,2537.26444068666
"r_id[223,stress_w]",-1.09398871564975,-1.08670905,0.269403368114205,0.2677197537,-1.547058095,-0.6585574895,1.00079700116304,8843.06289573874,2929.6906799744
"r_id[224,stress_w]",0.216197156794082,0.21247364,0.398447970883613,0.3849297716124,-0.443476889,0.871589279,1.00078198087606,9453.04861975443,3053.28196761277
"r_id[225,stress_w]",-0.72022100074385,-0.717998255,0.271598460684753,0.271774242159,-1.168107785,-0.268304079,1.00030133668981,8852.22544344761,2886.95013399651
"r_id[226,stress_w]",0.158444622882028,0.16177943,0.41953822876841,0.433333112268,-0.5168626775,0.8354700455,1.00375361341937,13145.9522567673,2511.24396284384
"r_id[227,stress_w]",0.213752502661001,0.21584497,0.267086052339168,0.2680305259338,-0.2253388575,0.651524676,1.00212423876022,8983.26111189524,3142.36639865562
"r_id[228,stress_w]",0.714407521912165,0.71330645,0.403115491764012,0.408892651419,0.0658821801,1.37946581,1.00202922405114,10931.280452365,2938.90685783731
"r_id[229,stress_w]",-0.0600347634515875,-0.0659120235,0.27111323845235,0.28367008341,-0.5019100655,0.3891722105,1.00157691252921,9143.82552141635,3041.96684253562
"r_id[230,stress_w]",0.86628184336495,0.853833885,0.401077314430928,0.408546694122,0.2125693075,1.53885441,1.00139958302429,9188.98794846658,2958.86630447794
"r_id[231,stress_w]",-0.903836520823,-0.90353087,0.278193014601938,0.277543542843,-1.3603116,-0.4430306185,1.00145654444785,9173.23070293696,3233.38710264606
"r_id[232,stress_w]",0.76411944502868,0.764757455,0.394473979958568,0.400106660037,0.114593519,1.420085325,1.00135923022057,9946.71252461538,2543.16934180857
"r_id[233,stress_w]",-0.5265320906057,-0.52341011,0.278183472018947,0.274988222439,-0.986364422,-0.0668860590500001,1.00104038655831,8864.20163187438,2890.01894469205
"r_id[234,stress_w]",0.46164111217992,0.454373585,0.401161216554197,0.395563647465,-0.189059332,1.12778771,1.00117380557783,9405.08832779486,2852.34891137905
"r_id[235,stress_w]",0.345325707869107,0.341614115,0.268669569741508,0.274257804723,-0.08294759655,0.7831554715,1.00014581855759,9663.6438489644,2826.14688427041
"r_id[236,stress_w]",-0.968832856433531,-0.95918417,0.410797546679051,0.415778794683,-1.65937987,-0.298022998,0.999965882366961,8920.69888599643,2865.51405492049
"r_id[237,stress_w]",-0.49036267264627,-0.49107719,0.276988924382755,0.270836601441,-0.955516691,-0.0357729305000002,0.999702400485251,8776.67755110752,2936.57159738958
"r_id[238,stress_w]",0.506942547264535,0.50150948,0.410374676527209,0.417055365174,-0.1679998515,1.17700893,1.00041019094254,9711.70308384722,2763.52175342838
"r_id[239,stress_w]",-0.723857505901897,-0.726227955,0.26673859989918,0.263604619488,-1.174037915,-0.289754748,1.00005333054329,9657.6547261743,3121.17275024525
"r_id[240,stress_w]",-0.5001428596532,-0.49196749,0.405175417672758,0.401336017131,-1.15826889,0.154604282,1.00009507866329,8838.31459296176,2750.06574709275
"r_id[241,stress_w]",-0.246743947928305,-0.244075325,0.280729888157974,0.280426947801,-0.7168224765,0.2091409075,1.00074034975015,7867.9879274717,3297.38733816168
"r_id[242,stress_w]",0.147735733897192,0.14883717,0.397070782044822,0.401844267237,-0.5062996375,0.7883923415,1.0009029451299,10537.1322427211,2785.10465646046
"r_id[243,stress_w]",1.3076476390275,1.3052931,0.270840438777664,0.27393021684,0.8572276065,1.753871965,1.00093763693966,8040.02244063562,3299.39929684071
"r_id[244,stress_w]",0.10879650158309,0.10801317,0.406917175185222,0.406338613464,-0.5631033275,0.785240715,1.00194637137733,9346.36835227912,2607.90814964079
"r_id[245,stress_w]",0.502539288087077,0.499898625,0.275630051149516,0.275342052342,0.0477858074,0.9563247385,1.00080977357363,8598.56691783462,3211.15313656516
"r_id[246,stress_w]",0.542719868057362,0.54442403,0.386495144613352,0.386964093033,-0.08626681385,1.15890859,1.00369622027807,9523.92113044664,3042.35270367991
"r_id[247,stress_w]",1.02031436599,1.0162684,0.277918272359698,0.278647605411,0.5643850905,1.48368398,1.0005029841131,7803.15163636037,3126.47238607677
"r_id[248,stress_w]",-0.566453266667267,-0.569455045,0.400879306746959,0.397503266328,-1.217839925,0.0947417227499998,1.00124005802439,9590.51776072814,2773.19695832817
"r_id[249,stress_w]",-0.51597669295604,-0.519990615,0.277413182910205,0.275194563294,-0.971785306,-0.0558604833,1.00058625470408,10609.5338616378,2716.65008086097
"r_id[250,stress_w]",0.261213959225441,0.26683019,0.395074134109522,0.40050959342961,-0.389195223,0.912430051,1.00260685115576,8819.25502851329,2899.48460974373
"r_id[251,stress_w]",-0.0914021846622725,-0.089099497,0.271123123686505,0.2663291571843,-0.5385120445,0.354842588,1.00131856771254,9788.41574107211,2455.78829814001
"r_id[252,stress_w]",0.242070549647978,0.24121194,0.410613821433369,0.4038394205895,-0.422822125,0.910287167499999,1.00072987306283,9196.92424458973,2515.60576855613
"r_id[253,stress_w]",-0.741915413936725,-0.737915145,0.267517078516436,0.262646748693,-1.20114912,-0.3063028285,0.999447547992158,9177.62900408125,3045.6717216662
"r_id[254,stress_w]",0.518920678703626,0.516626,0.396902964073256,0.394070728569,-0.129397635,1.16977937,1.00190827228234,9151.00088986974,2980.26607641004
"r_id[255,stress_w]",0.08249414350565,0.0827134105,0.284015136649977,0.2883880568667,-0.368645005,0.5404013205,1.00128806279461,8843.38914899792,2748.8539127855
"r_id[256,stress_w]",-0.48884645951837,-0.489260655,0.394818980590055,0.405054667038,-1.12241011,0.1674810055,1.00098945415476,9910.76753236184,2858.3930270874
"r_id[257,stress_w]",-0.75621880420375,-0.750984595,0.271036478062253,0.270682759452,-1.20341682,-0.3142256065,1.00129314300678,9101.69395641267,2898.36453827036
"r_id[258,stress_w]",-0.059794098388035,-0.06350995,0.388273763571182,0.390414681447,-0.7012323985,0.573470718499999,1.0037519703736,11765.5359543533,2771.63765110083
"r_id[259,stress_w]",-0.174900581508358,-0.17556288,0.265353932156604,0.26405097311964,-0.613282007,0.2581968325,1.00165262795936,10435.9841734282,3056.23007515364
"r_id[260,stress_w]",0.45309287806995,0.458685725,0.406200096920723,0.402471162408,-0.206498428,1.1207104,1.00263820993486,9704.56349958212,2796.91836921528
"r_id[261,stress_w]",-0.00440103709373462,-0.0012726651,0.274230214140349,0.287267508528,-0.453606525,0.437614078,1.00656212368845,9436.52390549413,2981.23560541866
"r_id[262,stress_w]",-0.112813345918308,-0.11479879,0.400760388036274,0.403745672085,-0.7677725255,0.551662559,1.0045974718748,9982.0592468939,3160.70465848251
"r_id[263,stress_w]",0.167377140219543,0.165876995,0.288499531233096,0.287995227912,-0.2966701555,0.645590206499999,1.00128730072658,10062.688728288,2876.945179491
"r_id[264,stress_w]",0.25279778578404,0.24669945,0.402155758917799,0.4005940988868,-0.399621913,0.9163591515,1.0010143612425,10313.2858618458,3199.6431060797
"r_id[265,stress_w]",-0.67479819982495,-0.678462195,0.273977069408914,0.277154901492,-1.13049372,-0.2157647415,1.0003366174038,10127.0018590549,3111.86407641892
"r_id[266,stress_w]",-0.218072116925596,-0.21912875,0.389571849926079,0.3835041620151,-0.8670868835,0.4184125605,0.99992575589861,8986.86636344887,2705.32301644977
"r_id[267,stress_w]",-0.8297377478925,-0.83139364,0.276405521519737,0.274547741979,-1.281415875,-0.3592220265,1.00213676200272,9559.52362207489,2837.26915003682
"r_id[268,stress_w]",0.592790851292177,0.591189545,0.402098455666098,0.405498431457,-0.0721228414,1.25078065,1.00284215973287,9016.32925806193,2686.48787789502
"r_id[269,stress_w]",0.0216271630157775,0.01704522,0.274895895939457,0.275546665968,-0.4302486505,0.4779724035,1.00126100313904,8080.72391790732,2765.27788406244
"r_id[270,stress_w]",-0.25526868562763,-0.249799955,0.397038425957553,0.403407365004,-0.894870464,0.3895589925,1.00390420488717,10033.9289150138,2688.98574071357
"r_id[271,stress_w]",0.4133294481423,0.413143535,0.264340879059378,0.271071511998,-0.0243219523,0.846090410499999,1.00278320790929,9366.92637077367,2543.64016958437
"r_id[272,stress_w]",-0.343673786007972,-0.343677265,0.405260911623468,0.4063536010674,-1.014658605,0.333309367,1.00060455134489,8485.17333413453,2808.04169712434
"r_id[273,stress_w]",-0.479858720133092,-0.482115365,0.268965710100864,0.27227689545,-0.9271759485,-0.0377826557000001,1.00259613634187,8785.73737452506,3186.19969533599
"r_id[274,stress_w]",0.079376765057815,0.0839688605,0.404216716836721,0.413388887961,-0.5854820905,0.7365163525,1.00290136525557,8765.0431622262,2680.50932703246
"r_id[275,stress_w]",-0.214168797821196,-0.209840895,0.270850611835831,0.272123157243,-0.6550836355,0.228317608,1.00032999671112,8769.90407137504,2737.28867984889
"r_id[276,stress_w]",0.307258504298797,0.30295849,0.397473083547487,0.3897025701345,-0.341850034,0.9485363335,1.00174325917597,11982.1843639223,3105.31637599086
"r_id[277,stress_w]",0.123671632980588,0.12496428,0.274139840274574,0.2664024776847,-0.326625523,0.58286288,1.00107859478018,9648.64268008973,2932.17407888047
"r_id[278,stress_w]",0.0346885273712565,0.0357193615,0.40871127745006,0.388771248999,-0.661603076,0.6978482705,1.00134813061746,11350.2591689746,3085.28178615299
"r_id[279,stress_w]",-0.148684136858169,-0.149785465,0.269219277873848,0.2698712553768,-0.589965593,0.286454873,1.00058480062279,10865.9516022569,3366.84315425497
"r_id[280,stress_w]",-0.0355973887010445,-0.038265206,0.388611838532275,0.3952400344326,-0.6647841145,0.599787811,1.00138154749293,10448.0379442624,3134.11620284242
"r_id[281,stress_w]",-0.340983320997927,-0.344107195,0.284712432751606,0.293370787101,-0.7982926995,0.13197336,0.999800080227374,9293.03864112793,2874.80741309954
"r_id[282,stress_w]",0.114496252124273,0.111650135,0.404381373483152,0.39644597979,-0.553331614,0.7916947695,1.00015585366184,9077.34689618473,2727.91360006261
"r_id[283,stress_w]",0.138110843141559,0.144728035,0.270093479677441,0.2783063546277,-0.312699399,0.57784352,1.00306223129607,9357.88655644209,2670.98496472202
"r_id[284,stress_w]",0.07862108035328,0.0798250515,0.411140276046065,0.420927449355,-0.600104634,0.7578515665,1.00316573079851,10511.7541082026,2579.94931372691
"r_id[285,stress_w]",0.0713894499430362,0.0731893915,0.268693031038114,0.27018880161,-0.3750550885,0.506903192,1.00049927120083,9724.18405958804,2916.7017506566
"r_id[286,stress_w]",-0.0388430479503213,-0.035717535,0.407899569534468,0.395502986886,-0.7110143615,0.633532686,1.00052788416068,9695.41399445845,2435.39507899117
"r_id[287,stress_w]",-0.7759881626565,-0.77647042,0.264318698926272,0.265097345646,-1.20617495,-0.346374199000001,1.00195264646219,9751.73666208643,2792.11822501924
"r_id[288,stress_w]",-0.439924448113154,-0.44298758,0.404483890680426,0.397300972971,-1.08731809,0.211147252,1.00161921076097,10078.2561616044,2818.31239373248
"r_id[289,stress_w]",0.800658249243025,0.80197273,0.27639286866583,0.267906109107,0.345449117,1.25454081,1.00018777576719,9815.37306263708,2722.48929934019
"r_id[290,stress_w]",-0.107430532058234,-0.101732505,0.405617166625013,0.399585140661,-0.7728048965,0.5584467175,1.00026195675197,8592.01144094924,2681.57087768718
"r_id[291,stress_w]",-0.210629264284515,-0.21154816,0.271566488179609,0.266749562499,-0.660650321,0.234765747,1.00089991504753,9335.49039122882,2794.26208102533
"r_id[292,stress_w]",0.580587314737235,0.57838742,0.409781683519021,0.402918877956,-0.09091161635,1.26396737,1.0008721713493,8707.02900202449,2560.92877327235
"r_id[293,stress_w]",0.348876572272599,0.352604155,0.274579529489631,0.277212292938,-0.09863199795,0.8047276755,1.00074363199479,8407.6161001141,3056.1614091135
"r_id[294,stress_w]",0.44865674767558,0.435564575,0.404136485500354,0.411708301557,-0.200190323,1.11663068,1.00105498778262,10014.1760717433,3068.25717388268
"r_id[295,stress_w]",0.319193703981893,0.325268965,0.275244301223035,0.277275081048,-0.1395908015,0.766358187,1.00018206314157,10731.8769526238,2898.77982732831
"r_id[296,stress_w]",-0.382286435079997,-0.385592185,0.401971336360238,0.398712252498,-1.0539717,0.287090437,1.00350027781558,10482.876515148,2777.56142476988
"r_id[297,stress_w]",-0.9366947698445,-0.93890728,0.278952723402959,0.274991135748,-1.40499126,-0.481152075,1.00187465371154,10575.406674401,2470.52260067966
"r_id[298,stress_w]",-0.471390931873433,-0.46629473,0.392363359725545,0.387327997203,-1.1211624,0.1723524495,1.00062196967477,10657.8634553359,3157.57331583055
"r_id[299,stress_w]",-0.21269807516152,-0.21226648,0.272602117495781,0.2779743545271,-0.657649141,0.238904886,1.00056290477981,10173.2698040609,3198.75070425917
"r_id[300,stress_w]",-0.332979334549552,-0.3238197,0.405495654686332,0.4052085349725,-1.003773425,0.319960081999999,1.00255946929781,9472.74379509896,2842.83905462337
"lprior",-8.598371413425,-8.59592095,0.0842910886907209,0.08434296423,-8.744180685,-8.467559195,1.00145160540439,1508.54420570709,2430.35607955918
"lp__",-9610.784265275,-9610.9083,24.7751782210446,25.7184398099999,-9650.8787,-9569.2356,1.00588684323988,823.797004755392,1527.93346002534
