"id","positive","slope_difference","ME_difference"
1,TRUE,-0.0167090578282121,0.000739035517675762
2,TRUE,-0.0353084287182903,-0.0217141661962335
3,TRUE,0.00840056274414103,0.000666997237496858
4,TRUE,-0.0915501069244221,-0.00493149147581085
5,TRUE,-0.00936339020160593,-0.00458519932069951
6,TRUE,-0.018523846533699,-0.0166045562380311
7,TRUE,-0.00210490653789508,0.00557523155726741
8,TRUE,0.0126326099458218,-0.0243784711944123
9,TRUE,-0.00268226974779216,-0.00149774842375222
10,TRUE,-0.0329938450594952,0.051831943902535
11,TRUE,0.0105849737212375,0.000325241691844877
12,TRUE,-0.00602083194222103,0.0127269603635055
13,TRUE,0.00421455661090953,-0.00373929832881337
14,TRUE,-0.0461446770364948,0.0249124553194535
15,TRUE,0.00539133099623512,0.0005034182312664
16,TRUE,-0.0314274681769915,-0.0172839108503648
17,TRUE,0.00527226317105763,0.00508477208545179
18,TRUE,0.0210772604854334,-0.0119230497338242
19,TRUE,0.000852162724486849,-0.00107414348567531
20,TRUE,-0.0342255752503813,0.02676715476369
21,TRUE,0.000534303316411466,0.00407814073912587
22,TRUE,0.0336631624169521,0.028894581360886
23,TRUE,-2.71754432620286e-05,0.00784095406518355
24,TRUE,0.0249018634160192,-0.0226480336997681
25,TRUE,-0.0104486087200747,0.0062589396970586
26,TRUE,-0.0132328452232007,0.0104640925554068
27,TRUE,-0.00549758183993743,0.000952982536179994
28,TRUE,-0.00921926638025417,0.019468542080338
29,TRUE,0.00656308162566871,-6.12772663078492e-05
30,TRUE,-0.0273955808121165,0.0284899099946905
31,TRUE,-0.00295729248022769,0.0012818845289167
32,TRUE,-0.0292471012807279,0.0206796082420242
33,TRUE,-0.00211559484569035,-0.000387639049381855
34,TRUE,0.0145068851266754,0.0172918092158774
35,TRUE,0.00113361920573629,0.00310644123135942
36,TRUE,0.0344423322505758,0.0342388419572487
37,TRUE,-0.00036885791584218,-0.00265252057833681
38,TRUE,0.0278761534231409,-0.00630144392092036
39,TRUE,0.000965844838509256,-0.00135596324795874
40,TRUE,-0.0442204420068848,-0.0223325446047
41,TRUE,0.0214986374418071,0.000474469178426806
42,TRUE,0.0112313493098402,0.0109612995563343
43,TRUE,-0.00572888450456632,-0.00643139455568591
44,TRUE,-0.0224292712808832,0.0397478715937583
45,TRUE,-0.00910553465505604,-0.00465127248700238
46,TRUE,0.0191852637690335,-0.0448923178046527
47,TRUE,-0.00655927055390573,0.00417992095398047
48,TRUE,-0.0300227238584589,-0.0355602627745581
49,TRUE,-0.0164471866275226,0.00687005495278667
50,TRUE,-0.00203526006439486,0.0482760420252411
51,TRUE,-0.00464682482754203,-0.00243454845321546
52,TRUE,0.03668512420521,-0.0163160646027675
53,TRUE,0.00261206360633781,0.00522342607253821
54,TRUE,0.0134808855239095,-0.0126480736638113
55,TRUE,0.00789359704619835,-0.00252283368904543
56,TRUE,-0.0561452501931234,-0.0224106047466086
57,TRUE,-0.00826731169357581,-0.000152492578204044
58,TRUE,-0.0121903217338605,0.024068220424446
59,TRUE,0.00616567288065828,0.00736666051460307
60,TRUE,-0.0193731303250305,-0.0452335741423255
61,TRUE,0.000166822191889571,-0.00165970213090605
62,TRUE,-0.0135281769984035,0.0113850067735751
63,TRUE,0.00739238437605771,0.0102608937490409
64,TRUE,0.0366148828632419,0.020081208165455
65,TRUE,-0.00462487824690503,0.00596116776576609
66,TRUE,-0.0342404244094234,-0.0179024434521756
67,TRUE,0.00298415770453364,-0.00212315291324686
68,TRUE,-0.00272030192714279,-0.0104294580438083
69,TRUE,0.00716648580320395,0.001697582490553
70,TRUE,-0.0829980444925674,0.0409051200838464
71,TRUE,-0.00921148337973754,-0.00700965196906529
72,TRUE,-0.0512329864846546,0.0156666416811777
73,TRUE,-0.00353048360334163,0.00272224268777038
74,TRUE,-0.0222698111071842,-0.0178219159390272
75,TRUE,-0.00176045851149254,-0.00126003008839026
76,TRUE,-0.0135441614160117,-0.0209637547569366
77,TRUE,-0.00145441275930502,-0.00161150645701166
78,TRUE,-0.0213858079923075,-0.00439478926930736
79,TRUE,-0.00873453427260307,0.00438102944483225
80,TRUE,0.0641536149816255,0.00761531951256084
81,TRUE,0.00369697054213758,0.00170683689021496
82,TRUE,-0.0103991268392601,-0.0189931037368636
83,TRUE,0.00251410245831651,-0.00396306119173642
84,TRUE,0.00625788743224276,0.0107873382895665
85,TRUE,-0.00406889971930308,0.00534274769971467
86,TRUE,0.0023416472431883,0.00112759906340704
87,TRUE,0.00654367701453751,0.00384477679574131
88,TRUE,-0.0584251996884011,-0.0352189305429975
89,TRUE,0.00713641354300398,-0.00208779637156201
90,TRUE,-0.00790412114816824,-0.0262383778589547
91,TRUE,0.00359323835464614,-0.00512109859630183
92,TRUE,-0.0111193156526004,-0.0100318841408966
93,TRUE,0.00165623991911135,0.00152421109732415
94,TRUE,-0.0826386178919202,0.0505566031005217
95,TRUE,0.0141325372236716,0.00724525742100189
96,TRUE,0.0135786825465379,0.0197789503353873
97,TRUE,0.0106143609334546,0.00573736098327049
98,TRUE,0.00447423719121204,-0.0110593825477009
99,TRUE,-0.00134258932717024,0.000473154797991579
100,TRUE,-0.0114697839049944,-0.00112174771518331
101,TRUE,0.00327015899008615,0.00164233476294033
102,TRUE,-0.0134397795719742,-0.0262452171360554
103,TRUE,0.0120913247176164,-0.00138530964874141
104,TRUE,-0.0150190292961596,-0.00792606651859978
105,TRUE,-0.00432123083595987,0.00833274673521672
106,TRUE,-0.0435574575221662,0.003458287792795
107,TRUE,-0.00591376808121652,0.00453638500769288
108,TRUE,-0.0315207759771987,-0.0202322249956676
109,TRUE,-0.0044503351146531,0.00239785160660591
110,TRUE,0.0346213327733573,-0.0465353801202036
111,TRUE,-0.00145350788907417,-0.00150920134862113
112,TRUE,0.0242095901330939,0.0109927382449292
113,TRUE,-0.00822243247510855,-0.00370639404660811
114,TRUE,-0.0609741454067049,-0.0475930719073682
115,TRUE,-0.00500766331080893,-0.00293287965880042
116,TRUE,0.065222942760058,-0.0285896938787774
117,TRUE,0.00467849244469354,-0.00363921637116983
118,TRUE,0.0616942569333453,0.0464162933217225
119,TRUE,-0.00108954514928961,0.00177202760116468
120,TRUE,0.0750107204405002,0.0651308439289915
121,TRUE,0.000515214401133113,0.00257494679629412
122,TRUE,0.00295347065930592,0.0175322020167416
123,TRUE,-0.0286547151482517,0.00537571192020798
124,TRUE,0.0522579706863031,0.0298739057510218
125,TRUE,-0.0280782381588512,0.0113867172959066
126,TRUE,0.0390464766171366,0.00944508598552085
127,TRUE,-0.0023961156100023,0.00172213025917518
128,TRUE,0.0327113229983415,-0.0281296453078554
129,TRUE,-0.00515033132320811,0.00591013789516247
130,TRUE,0.00171439888984927,0.0167748228458651
131,TRUE,0.0121021458209264,-0.00322421915169777
132,TRUE,0.0215823084038078,0.00288431215825163
133,TRUE,0.00441909774797739,-0.000673627432311377
134,TRUE,0.0111268735321385,0.0011413015957577
135,TRUE,0.00229736526943403,0.00742719647196853
136,TRUE,-0.0277830116560673,-0.00766799694526965
137,TRUE,0.00205082032049431,0.00589117204718811
138,TRUE,-0.0875746434999372,0.051571675764916
139,TRUE,-0.00684836528962252,0.000326009800752688
140,TRUE,0.00543870781313496,-0.00216964081666943
141,TRUE,-0.000200030814375252,0.00056713965406821
142,TRUE,-0.0355995771783677,-0.0142139279626038
143,TRUE,-0.0103328679657287,-0.00223849063403833
144,TRUE,0.133742960510404,0.0668443980131974
145,TRUE,-0.00635991509597056,-0.00142679047092012
146,TRUE,0.0493031717629988,0.0844104740655736
147,TRUE,0.0035201326230625,0.00191582643703524
148,TRUE,-0.0213909971519456,0.00968843139016373
149,TRUE,0.00216223697407278,-0.00581547236234946
150,TRUE,0.0307626940886286,-0.0407968850722045
151,TRUE,-0.00267068634614398,0.000707605151510832
152,TRUE,0.0069552653885265,0.00491370420868398
153,TRUE,0.00124808191960044,0.00196336201311169
154,TRUE,-0.0598053469643172,0.0212196870685873
155,TRUE,-0.00569721077338969,-0.00165530015248437
156,TRUE,0.00172924104772298,0.0061540972471712
157,TRUE,0.00785609001306309,0.00668564625552266
158,TRUE,0.045435305167153,-0.0289803095271118
159,TRUE,0.00209190342881577,0.00336945328724166
160,TRUE,-0.0121419943888547,0.00720776140618296
161,TRUE,-0.0108733675049621,0.00499552185603601
162,TRUE,-0.0105065253241476,0.00302881001945066
163,TRUE,0.00392483533172594,0.00146740453950997
164,TRUE,-0.0234174631799995,-0.0221652547965145
165,TRUE,-0.00177204460940517,0.00519280571239822
166,TRUE,-0.00581514118538828,0.0083201662204444
167,TRUE,0.00457251195849517,0.00496830882395946
168,TRUE,-0.0226565785360507,0.0102301164079003
169,TRUE,0.012382325541656,0.00744353731471105
170,TRUE,0.0311345823267066,0.0158340220840113
171,TRUE,-0.00295827994738472,0.00264578858352144
172,TRUE,-0.000133813739222721,0.0136285444213382
173,TRUE,0.00641230421997729,0.00760522004180982
174,TRUE,0.090659538981863,0.054166738017075
175,TRUE,-0.00105273910212822,-0.000901101046098515
176,TRUE,0.0244158626645622,-0.0122602961509227
177,TRUE,-0.0187562377804222,0.0096014980043671
178,TRUE,-0.0205201394577531,-0.0239337237152809
179,TRUE,-0.00794644006287959,-0.00397473550192801
180,TRUE,0.0169162989506171,0.00737109944834535
181,TRUE,0.000683930115124354,0.00377467470396976
182,TRUE,-0.0028130023327313,0.00916167031010123
183,TRUE,-0.00462155098984007,0.00293664503124885
184,TRUE,0.00715372814640891,0.00287186976497766
185,TRUE,-0.00315558601153454,-0.00237597258766331
186,TRUE,-0.0196488755228825,0.0355138360665562
187,TRUE,-0.00698137880585481,-0.00356246747922152
188,TRUE,-0.00700881936364193,0.00535809133268095
189,TRUE,0.00115555976806783,-0.00162355782071497
190,TRUE,0.00687401947068858,-0.0140022549363304
191,TRUE,-0.0261630316860899,0.00707785352885876
192,TRUE,-0.0214325454916004,-0.07178961737371
193,TRUE,-0.00597137938504666,0.000167721135718293
194,TRUE,0.00128882150529575,0.00991967271359362
195,TRUE,0.00440440295590949,-0.00100399098525913
196,TRUE,-0.0275308862051024,0.0358610187176462
197,TRUE,-0.00157921221136603,0.00245815005286233
198,TRUE,-0.016804022912292,-0.00478543761963357
199,TRUE,0.00428708151399443,-0.00466710360686069
200,TRUE,0.045956163845811,0.0525418192498136
201,TRUE,-0.0107915634060901,-0.00203804072274864
202,TRUE,0.0291082888595289,0.0444646101838236
203,TRUE,0.008024333357735,0.00872769443722812
204,TRUE,0.01260777995962,0.0137348229651155
205,TRUE,0.00638626190941327,0.00527334581261837
206,TRUE,-0.0176785692741545,0.0894005904839673
207,TRUE,0.0056482207804292,-0.00700899529946267
208,TRUE,0.0133688318650859,-0.0411933978681306
209,TRUE,0.00265030535583408,0.00226663804890419
210,TRUE,-0.00342237576268878,0.00270926498085339
211,TRUE,0.0136999694794804,0.0111512272781292
212,TRUE,-0.00341914885783756,0.0107920070212487
213,TRUE,0.00239964728240605,0.00309720610226984
214,TRUE,-0.0303572785657134,-0.0210415668127505
215,TRUE,-0.0128950745488677,0.0113380389548392
216,TRUE,0.0296196325843551,0.00465790421136059
217,TRUE,0.00619239159338858,0.00715769004645864
218,TRUE,-0.0374349755133903,-0.0144175559424085
219,TRUE,0.00410708695946149,0.00502226664284006
220,TRUE,-0.0516869391744428,0.0377531223280443
221,TRUE,-0.00708709252300682,0.00203369124910183
222,TRUE,-0.0231251234296424,0.0596590316537484
223,TRUE,0.0126371930660957,-0.00372502154440976
224,TRUE,-0.00654059808206942,-0.00851173930555005
225,TRUE,0.00341687586915945,-0.00127743300637073
226,TRUE,0.0178402341778325,0.0725379718613647
227,TRUE,-0.0164992622008356,-0.00574804604275665
228,TRUE,0.0150591368030522,0.00094812076120554
229,TRUE,-0.000101099756771139,-0.00219924173568002
230,TRUE,-0.0160234878096603,0.000320232516752395
231,TRUE,-0.00627083842058085,0.00432139309940828
232,TRUE,-0.0939239218401409,-0.0270723777354486
233,TRUE,-0.00647499085413719,0.00464378459577471
234,TRUE,0.0063629156291376,-0.00323805036604979
235,TRUE,0.000585906886904075,-0.0044461599547732
236,TRUE,-0.0690123217667167,0.0260120151954875
237,TRUE,-0.00114755753232416,0.00334583313689518
238,TRUE,0.0630420367006059,0.0393987243401862
239,TRUE,0.0231903570728461,-0.00604688523527448
240,TRUE,-0.0237581100351382,0.0058213328968244
241,TRUE,-0.0212204566256827,0.00632754080823798
242,TRUE,-0.0116892040478054,-0.0129013282750288
243,TRUE,-0.0167771206047425,-0.00236951278510436
244,TRUE,0.0141829597296512,0.0162572340238695
245,TRUE,0.00053109762575021,0.00222139818718105
246,TRUE,-0.0839384638990557,-0.0457636045819279
247,TRUE,0.0077500180769503,0.00448169795454256
248,TRUE,0.030911259562904,-0.00310963212409632
249,TRUE,0.0072173561277018,0.00364904386741971
250,TRUE,-0.0208931298651452,-0.0147319398560277
251,TRUE,0.0098682167499129,-0.00215035316335162
252,TRUE,0.0133283307534315,0.0260836902672441
253,TRUE,0.016206696003765,-0.00556432764704463
254,TRUE,-0.0282653457637194,-0.0142320332099057
255,TRUE,-0.00370823326057579,0.0105321381564419
256,TRUE,0.0502643841384964,-0.0228553019334577
257,TRUE,-0.00436132863746586,-0.00309385709037394
258,TRUE,0.00320632646737162,-0.0343292281893847
259,TRUE,0.00494296618422352,-0.00780014042235595
260,TRUE,-0.00460385609269887,0.0169858408026876
261,TRUE,-0.00655436044672697,0.00143600318048683
262,TRUE,-0.0114679754013394,0.000547407076047779
263,TRUE,-0.00179416385065712,0.0146979470190858
264,TRUE,0.00978247757968331,-0.00204811879282035
265,TRUE,0.00373418180729168,0.000435377572392384
266,TRUE,-0.0075806482970881,-0.0399013145066694
267,TRUE,-0.0020734570029613,0.00271960497112847
268,TRUE,-0.00830038300412994,-0.00240187902384104
269,TRUE,0.00457735445866347,0.00123775024267761
270,TRUE,0.0177949226836568,-0.0163080902060792
271,TRUE,-0.0143113038304576,-0.0078911831874226
272,TRUE,0.0129785066138652,0.0119507913826394
273,TRUE,0.0189542502232021,-0.00427302217939479
274,TRUE,-0.0170252011964678,0.0106982452632994
275,TRUE,0.00581724149616142,-0.00243952036348029
276,TRUE,-0.0176186223265513,-0.014477982844291
277,TRUE,-0.000398951858992969,0.00132349413063219
278,TRUE,0.00661013507946762,0.0228477144680161
279,TRUE,0.00479487942464868,-0.00371040787992992
280,TRUE,0.00141552731219663,-0.0344177870677865
281,TRUE,-0.0175057358319835,0.0110128684585916
282,TRUE,0.0111931792209684,0.00925681348304747
283,TRUE,-0.00266076803420889,-0.00262096091723296
284,TRUE,-0.0136519597272045,0.0307308198172035
285,TRUE,-0.00367242462950268,-0.00407893548243465
286,TRUE,0.0101598534661803,0.0164866564287768
287,TRUE,0.021320879435577,-0.00754038718705008
288,TRUE,0.0110793091662791,0.0211444580857436
289,TRUE,-0.00816666183493142,0.0036319354196744
290,TRUE,-0.00346947989639634,0.0146193641826872
291,TRUE,0.00614831112752823,-0.00159304444644584
292,TRUE,0.0708900524343334,0.0186483101907135
293,TRUE,-0.00943128262596526,0.000787631234271918
294,TRUE,-0.0118125282960315,0.00582717828011692
295,TRUE,0.00366058720837759,0.00180927055870313
296,TRUE,0.00723740024587831,0.00278351461420978
297,TRUE,-0.0108572785547444,0.00524067428998017
298,TRUE,0.0312681261894709,-0.025709172290797
299,TRUE,0.00166446540955267,-0.000861253334045312
300,TRUE,0.0190028285664803,0.00696895847757584
