"design","method","attempts","successes","mean_estimate","bias","bias_MCSE","RMSE","empirical_SD","mean_SE","coverage","coverage_MCSE"
"Factors: fixed measurement parameters","Conditional posterior mean / naive OLS",250,250,0.600049908338474,4.99083384742734e-05,0.0039296927742392,0.062009526127195,0.0621338983565086,0.0627138496913174,0.944,0.0145415267424023
"Factors: fixed measurement parameters","Likelihood-only / naive OLS",250,250,0.470643103733896,-0.129356896266104,0.00286586368755095,0.137033890355013,0.0453132835811507,0.0462054865282001,0.18,0.0242981480775799
"Factors: fixed measurement parameters","Oracle: true predictors",250,250,0.596955992398255,-0.00304400760174477,0.00294365238407296,0.0465496856325135,0.0465432308672766,0.0496287040857904,0.964,0.0117820202002882
"Factors: fixed measurement parameters","REPAIR / fuller_equations",250,250,0.601443522892625,0.00144352289262543,0.00410919064806877,0.0648580007100382,0.0649720089388035,0.0657681393246364,0.956,0.0129713530520143
"Factors: fixed measurement parameters","REPAIR / stabilized",250,250,0.601443593757381,0.00144359375738069,0.00410916955980104,0.0648576696024767,0.0649716755040139,0.0653711761620694,0.952,0.0135197633115377
"Stress: pooled residual variance","Conditional posterior mean / naive OLS",250,250,0.590742052861102,-0.00925794713889803,0.00689384575592287,0.109176287730139,0.109001272133007,0.109247608986369,0.936,0.0154795348767332
"Stress: pooled residual variance","Likelihood-only / naive OLS",250,250,0.378479613897955,-0.221520386102045,0.00407026716362996,0.230643627876095,0.0643565746123196,0.0661213007601581,0.084,0.0175435458217545
"Stress: pooled residual variance","Oracle: true predictors",250,250,0.595641525215015,-0.00435847478498527,0.00478669267958072,0.0756583807507834,0.0756842566336481,0.0822776694087543,0.976,0.00967966941584268
"Stress: pooled residual variance","REPAIR / fuller_equations",250,250,0.590463327630455,-0.00953667236954531,0.00707854129913289,0.112103876399717,0.111921565084136,0.117152276464544,0.96,0.0123935467078637
"Stress: pooled residual variance","REPAIR / stabilized",250,250,0.590483725640017,-0.0095162743599831,0.00708032064719579,0.112130119298983,0.111949699047281,0.115933484739344,0.96,0.0123935467078637
