"paramHeader","param","est","se","est_se","pval"
"F1.BY","Y1",1,0,999,999
"F1.BY","Y2",0.675,0.102,6.65,0
"F1.BY","Y3",1.069,0.152,7.044,0
"F2.BY","Y4",1,0,999,999
"F2.BY","Y5",0.967,0.083,11.65,0
"F2.BY","Y6",1.079,0.091,11.804,0
"F1.WITH","F2",0.237,0.059,4.028,0
"Y3.WITH","Y4",0.313,0.059,5.304,0
"Intercepts","Y1",0.97,0.054,17.816,0
"Intercepts","Y2",1.599,0.058,27.499,0
"Intercepts","Y3",0.521,0.058,8.917,0
"Intercepts","Y4",1.85,0.061,30.222,0
"Intercepts","Y5",0.829,0.064,12.887,0
"Intercepts","Y6",1.726,0.064,27.063,0
"Variances","F1",0.693,0.123,5.626,0
"Variances","F2",0.988,0.125,7.906,0
"Residual.Variances","Y1",0.79,0.107,7.413,0
"Residual.Variances","Y2",1.003,0.086,11.603,0
"Residual.Variances","Y3",0.913,0.122,7.499,0
"Residual.Variances","Y4",0.886,0.091,9.721,0
"Residual.Variances","Y5",1.145,0.098,11.637,0
"Residual.Variances","Y6",0.884,0.1,8.835,0
