"estimate","se","ci_low","ci_high","status_code","method","fuller_variant","fuller_raw_estimate","fuller_raw_se","mx_issue_class","mx_issue_detail","fuller_lambda1","fuller_lambda2","fuller_lambda_scaling","fuller_sigma2","fuller_weight_min","fuller_weight_max","fuller_correction1","fuller_correction_c","fuller_correction_scaling","fuller_measurement_weight_requested","fuller_measurement_weight_used","fuller_preliminary_moment","fuller_variance_bread","fuller_predictor_outcome_covariance_source","fuller_predictor_outcome_covariance_max_abs","fuller_alpha_step1_requested","fuller_alpha_step1_used","fuller_alpha_step3_requested","fuller_alpha_step3_used","fuller_alpha_scaling_requested","fuller_alpha_scaling_used","fuller_auto_tempered","fuller_sx1_star_condition","fuller_sx1_star_min_eigen","fuller_sx1_observed_max_eigen","fuller_sx1_star_relative_min_eigen","fuller_sx_star_condition","fuller_sx_star_min_eigen","fuller_sx_observed_max_eigen","fuller_sx_star_relative_min_eigen","fuller_scaling_condition","fuller_scaling_min_eigen","fuller_scaling_observed_max_eigen","fuller_scaling_relative_min_eigen","fuller_reference_se","fuller_se_ratio","fuller_auto_guard_pass","fuller_auto_guard_reason","fuller_auto_guard_score","fuller_auto_full_weight_guard_pass","fuller_auto_full_weight_guard_reason","fuller_auto_full_weight_se_ratio","fuller_auto_search_evaluations","fuller_auto_search_nonmonotone","covered","model"
0.629217066880209,0.0859398307458044,0.460778093780964,0.797656039979453,0,"Oracle: true predictors",,,,,,,,,,,,,,,,,,,,,,,,,,,,,,,,,,,,,,,,,,,,,,,,,,TRUE,"brms"
0.390977525890007,0.0702570027285586,0.2532763308803,0.528678720899714,0,"Likelihood-only / naive OLS",,,,,,,,,,,,,,,,,,,,,,,,,,,,,,,,,,,,,,,,,,,,,,,,,,FALSE,"brms"
0.566573942289773,0.113768512160468,0.343591755880548,0.789556128698998,0,"Conditional posterior mean / naive OLS",,,,,,,,,,,,,,,,,,,,,,,,,,,,,,,,,,,,,,,,,,,,,,,,,,TRUE,"brms"
0.627486248477667,0.128235520734478,0.376149246299351,0.878823250655983,0,"REPAIR / stabilized","stabilized",0.627486248477667,0.128235520734478,"ok","ok",2.06949550925425,2.13368151746511,,0.677197645095731,0.720725572913253,0.819397809298045,0.986666666666667,0.986666666666667,,1,1,"modified","modified","supplied",0,4,4,4,4,,,FALSE,8.34741951121294,0.247944347346463,2.25900622242426,0.109758151564709,8.16153042007796,98.6466680692848,876.740943132485,0.112515183466661,,,,,,,,,,,,,,,TRUE,"brms"
0.627220949179751,0.12969429888315,0.373024794368603,0.881417103990899,0,"REPAIR / fuller_equations","fuller_equations",0.627220949179751,0.12969429888315,"ok","ok",2.06949550925425,2.13468161459527,,0.677203031624275,0.721468298934811,0.821834191426353,0.986666666666667,0.986666666666667,,1,1,"fuller","fuller","supplied",0,4,4,4,4,,,FALSE,8.42973727447316,0.245219722856429,2.25900622242426,0.108552035148124,8.1587799932595,98.480636019246,874.939968758102,0.112557020522254,,,,,,,,,,,,,,,TRUE,"brms"
0.629217066880209,0.0859398307458044,0.460778093780964,0.797656039979453,0,"Oracle: true predictors",,,,,,,,,,,,,,,,,,,,,,,,,,,,,,,,,,,,,,,,,,,,,,,,,,TRUE,"rstanarm"
0.390975969079672,0.0702564102877106,0.25327593523269,0.528676002926654,0,"Likelihood-only / naive OLS",,,,,,,,,,,,,,,,,,,,,,,,,,,,,,,,,,,,,,,,,,,,,,,,,,FALSE,"rstanarm"
0.565636824618919,0.113539040290674,0.343104394809956,0.788169254427881,0,"Conditional posterior mean / naive OLS",,,,,,,,,,,,,,,,,,,,,,,,,,,,,,,,,,,,,,,,,,,,,,,,,,TRUE,"rstanarm"
0.62728280513576,0.128173973161964,0.376066433982907,0.878499176288614,0,"REPAIR / stabilized","stabilized",0.62728280513576,0.128173973161964,"ok","ok",2.07063485725692,2.13478579036261,,0.677241161953882,0.720717296368024,0.819270967127024,0.986666666666667,0.986666666666667,,1,1,"modified","modified","supplied",0,4,4,4,4,,,FALSE,8.34352945230751,0.248062155380364,2.25892416812626,0.109814290749799,8.15799227466714,98.6975314365028,876.777180327372,0.112568544951924,,,,,,,,,,,,,,,TRUE,"rstanarm"
0.627018353519335,0.129630524910341,0.372947193398045,0.881089513640626,0,"REPAIR / fuller_equations","fuller_equations",0.627018353519335,0.129630524910341,"ok","ok",2.07063485725692,2.13578437225234,,0.677246536103864,0.721458324663597,0.821701774848016,0.986666666666667,0.986666666666667,,1,1,"fuller","fuller","supplied",0,4,4,4,4,,,FALSE,8.42572021372365,0.245338981067897,2.25892416812626,0.108608772498725,8.15524949420049,98.5317426097172,874.979834352559,0.112610301107826,,,,,,,,,,,,,,,TRUE,"rstanarm"
0.629217066880209,0.0859398307458044,0.460778093780964,0.797656039979453,0,"Oracle: true predictors",,,,,,,,,,,,,,,,,,,,,,,,,,,,,,,,,,,,,,,,,,,,,,,,,,TRUE,"mplus"
0.390971871030285,0.07025460777318,0.253275370046865,0.528668372013706,0,"Likelihood-only / naive OLS",,,,,,,,,,,,,,,,,,,,,,,,,,,,,,,,,,,,,,,,,,,,,,,,,,FALSE,"mplus"
0.564293721138896,0.11331892034702,0.342192718491773,0.786394723786018,0,"Conditional posterior mean / naive OLS",,,,,,,,,,,,,,,,,,,,,,,,,,,,,,,,,,,,,,,,,,,,,,,,,,TRUE,"mplus"
0.627366431059107,0.128193493026469,0.376111801674842,0.878621060443372,0,"REPAIR / stabilized","stabilized",0.627366431059107,0.128193493026469,"ok","ok",2.07018771379119,2.13437426332668,,0.677197601345772,0.720700119530783,0.81931316269795,0.986666666666667,0.986666666666667,,1,1,"modified","modified","supplied",0,4,4,4,4,,,FALSE,8.34306235970003,0.248040774074681,2.25868215933169,0.109816590638885,8.15703497663019,98.6905540499091,876.643370053558,0.112577768133785,,,,,,,,,,,,,,,TRUE,"mplus"
0.627101739993667,0.129650819400898,0.372990803401801,0.881212676585533,0,"REPAIR / fuller_equations","fuller_equations",0.627101739993667,0.129650819400898,"ok","ok",2.07018771379119,2.13537373136681,,0.67720298085157,0.721441883952877,0.821746383375879,0.986666666666667,0.986666666666667,,1,1,"fuller","fuller","supplied",0,4,4,4,4,,,FALSE,8.42527776486943,0.245316856079621,2.25868215933169,0.108610613966246,8.15428414546213,98.5246446325195,874.8442199393,0.112619644031432,,,,,,,,,,,,,,,TRUE,"mplus"
0.632276610681187,0.0366189839017566,0.560504721083292,0.704048500279082,0,"Oracle: true predictors",,,,,,,,,,,,,,,,,,,,,,,,,,,,,,,,,,,,,,,,,,,,,,,,,,TRUE,"Mplus factors"
0.469427487471614,0.0346053270995874,0.401602292683195,0.537252682260033,0,"Likelihood-only / naive OLS",,,,,,,,,,,,,,,,,,,,,,,,,,,,,,,,,,,,,,,,,,,,,,,,,,FALSE,"Mplus factors"
0.600354119761188,0.0462016321521069,0.50980058471609,0.690907654806285,0,"Conditional posterior mean / naive OLS",,,,,,,,,,,,,,,,,,,,,,,,,,,,,,,,,,,,,,,,,,,,,,,,,,TRUE,"Mplus factors"
0.598857776942154,0.0477796545233019,0.505211374882716,0.692504179001592,0,"REPAIR / stabilized","stabilized",0.598857776942154,0.0477796545233019,"ok","ok",2.66025155609497,2.66001119109108,,0.607243444202064,0.757213864187355,0.764997007370392,0.992,0.992,,1,1,"modified","modified","supplied",0,4,4,4,4,,,FALSE,1.99337508358526,0.563541016701251,1.47147470187668,0.382977033844024,1.9934926249188,371.246804371416,969.307169237861,0.38300222690328,,,,,,,,,,,,,,,TRUE,"Mplus factors"
0.598856796890107,0.0479360393867539,0.504903886130576,0.692809707649638,0,"REPAIR / fuller_equations","fuller_equations",0.598856796890107,0.0479360393867539,"ok","ok",2.66025155609497,2.66000990947141,,0.607244980434363,0.757964555528398,0.765797245456034,0.992,0.992,,1,1,"fuller","fuller","supplied",0,4,4,4,4,,,FALSE,1.99664144010995,0.561224080476904,1.47147470187668,0.381402466356461,1.9934932562727,370.874510936785,968.334792586444,0.383002360109535,,,,,,,,,,,,,,,TRUE,"Mplus factors"
